	All non-resistance exons_X	All non-resistance exons_Y	All countries, resistance exons_X	All countries, resistance exons_Y	chromosome 1, non-resistance exons_X	chromosome 1, non-resistance exons_Y	chromosome 2, non-resistance exons_X	chromosome 2, non-resistance exons_Y	chromosome 3, non-resistance exons_X	chromosome 3, non-resistance exons_Y	cox1 gene_X	cox1 gene_Y
ERR4065454	10.542013	0.6169326	4.646976	-0.7306124	13.77819	7.7242746	13.153359	7.2800007	0.2562619	4.1285424	-7.9708924	-0.59596366
ERR4065455	10.575291	0.655933	4.650657	-0.68045706	13.766333	7.7148657	13.287578	7.4020433	0.47038722	4.244017	-7.9138484	-0.5880301
ERR4065456	10.5649	0.64501	4.670284	-0.7254065	13.757945	7.3032894	13.610841	10.681776	0.52774835	4.285215	-7.9399314	-0.62959707
ERR4065457	10.585705	0.6686998	4.6365423	-0.7463004	13.797778	7.4099116	13.4337845	8.629878	0.39412805	4.174294	-7.939153	-0.6343559
ERR4065458	10.572439	0.64839214	4.649373	-0.73146355	13.998789	7.4606266	13.321474	7.470486	0.37785003	4.207469	-7.9399314	-0.62959707
ERR4065459	10.561851	0.6431878	4.6252356	-0.73443836	13.720331	7.3100314	13.514742	11.15432	0.46253094	4.190683	-7.9708924	-0.59596366
ERR4065460	10.566933	0.65097195	4.650747	-0.72618544	13.711283	7.6999416	13.373572	7.8330665	0.51192987	4.29463	-7.9708924	-0.59596366
ERR4065462	10.566536	0.6495768	4.6458335	-0.72697586	13.773673	7.5754538	13.454431	7.8226147	0.5210835	4.272063	-7.9399314	-0.62959707
ERR4065463	10.565785	0.64744425	4.6529684	-0.739798	13.782972	7.6644444	13.246337	7.327827	0.5444421	4.325424	-7.9708924	-0.59596366
ERR4065465	12.639049	5.0839276	5.1412315	-2.877622	11.042441	6.7292624	11.048343	5.9346075	0.53702086	8.233167	-10.034528	0.65172255
ERR4065466	12.617777	5.07935	5.1175594	-2.90171	11.070345	6.713205	11.067907	5.9180017	0.505569	8.314473	-10.034528	0.65172255
ERR4065468	12.682242	5.1198573	5.1202188	-2.8830218	11.060825	6.5662093	11.04201	5.8702917	0.47830486	8.359651	-10.034528	0.65172255
ERR4065469	12.662082	4.9975066	5.127648	-2.8714528	11.078114	6.718696	10.914787	6.005541	0.51421344	8.326408	-10.034528	0.65172255
ERR4065470	12.729264	5.1453886	5.096633	-2.880018	11.129463	6.803021	10.988735	5.995663	0.5416318	8.338473	-10.034528	0.65172255
ERR4065471	12.6749115	5.04376	5.1235275	-2.877167	11.10205	6.732839	10.544855	6.013242	0.6631639	8.324809	-10.008843	0.6380508
ERR4065472	12.696652	5.1162953	5.1032267	-2.8687494	11.061618	6.718242	10.9594755	6.098104	0.5483816	8.298555	-10.034528	0.65172255
ERR4065473	12.689	5.1419425	5.123271	-2.8751616	11.139266	6.800502	11.009791	6.0296946	0.5906438	8.323074	-10.034528	0.65172255
SRR11006478	1.2931777	5.643697	-0.09983163	7.5922594	7.9231677	2.8728466	12.332143	11.7736025	-1.5719098	2.0750413	0.5618269	-3.973065
SRR11006479	0.9616492	4.841258	0.008193183	6.866387	9.159939	3.4483807	13.684574	10.427848	-2.103968	3.2813983	-14.1930485	1.2107558
SRR11006480	1.9495864	5.2174067	-0.20592272	6.9454017	8.210381	2.904912	13.332451	9.614514	-2.1174212	1.9146795	-2.045591	-6.262869
SRR11006481	1.7020469	5.5977077	-1.4132533	6.301806	8.363191	3.8305306	12.572003	11.484205	-0.01980903	3.8739417	0.5201198	-3.9905708
SRR11006482	1.5024863	5.1994476	-0.18777652	7.6691394	8.190543	3.6667628	13.251845	7.1428785	-1.2760998	1.9550096	0.62372315	-3.5185096
SRR11006483	2.4271438	5.450457	-0.83727205	7.710939	8.642784	3.767512	13.772277	10.487774	-0.8229542	4.079351	-14.12512	1.2641605
SRR11006484	1.4477892	4.2533627	-0.49298912	8.321574	9.205527	4.79055	12.815607	11.246607	-1.423261	2.0808609	-14.1930485	1.2107558
SRR11006485	2.0968227	4.7099257	-1.730196	5.592054	9.74234	4.892119	13.576318	10.683065	-1.2331806	2.6971223	-2.045591	-6.262869
SRR11006486	9.970746	3.4514956	4.1100945	-0.013541566	11.877902	3.0893462	8.977099	7.51827	-3.0542085	6.5510573	-10.567885	2.1306348
SRR11006487	13.287834	5.002961	4.148312	-2.8702304	14.125854	7.1396136	10.289142	5.46225	0.583235	7.632407	-10.581066	0.9069523
SRR11006488	1.2465515	4.1376724	-0.654003	7.490495	8.460795	2.550744	13.374144	11.398048	0.26239136	1.7864258	-14.257416	1.133083
SRR11006489	0.7794209	4.8243685	0.015585894	8.39334	8.102006	3.0152094	13.421065	10.7112	-2.1390598	1.8526938	0.2682716	-3.6685312
SRR11006490	2.8167644	4.689925	-0.3270764	8.253136	9.549652	4.977249	13.344653	11.916493	-1.9508885	2.6675048	-2.045591	-6.262869
SRR11006491	2.0979698	4.668512	-0.62138194	6.300002	8.54989	4.0857496	13.723827	11.54579	0.26668245	1.7822521	0.3735484	-3.9712098
SRR11006492	1.4621197	4.9920926	-0.05132757	7.8896284	8.101242	4.873494	12.267591	7.06795	-0.7566923	2.5394466	0.3573072	-3.6587281
SRR11006493	1.3439575	4.0573487	-1.0003147	7.145855	7.880509	3.2420948	14.298246	10.392295	0.08156963	1.7559277	-13.590313	0.775659
SRR11006494	1.1104898	4.727375	-1.4671947	7.16387	8.249628	3.3815777	14.701973	10.5250025	-2.0741322	2.831581	-14.1930485	1.2107558
SRR11006495	1.6806308	4.164139	0.26174027	6.220483	7.6390753	4.748641	13.590014	11.269567	-0.054489058	2.3752816	-2.0426266	-6.192949
SRR11006496	1.2485853	4.0091567	-1.2327456	7.2893553	8.546239	3.0858116	14.077274	11.171276	-0.28914726	2.1378627	-2.0426266	-6.192949
SRR11006497	1.3989433	4.926455	0.08645489	8.277765	7.819353	3.8009057	12.665993	11.306345	-1.257167	1.2393688	0.3573072	-3.6587281
SRR11006498	8.994809	3.5369368	3.9614987	0.6685028	11.753351	3.5234122	9.626808	6.8515205	-2.4305778	6.56977	-9.201895	2.1301053
SRR11006499	1.9427172	5.149069	-1.3405617	7.424945	8.650468	3.0896676	14.442345	10.822344	-0.78044635	2.612916	0.3573072	-3.6587281
SRR11006500	1.5933785	4.2292347	-0.6106804	8.304535	8.425137	5.0591764	13.478958	11.099801	-0.95942557	3.5396814	0.3573072	-3.6587281
SRR11006501	2.7301745	5.8595586	-0.056559037	7.7684097	8.015644	3.7092996	13.732264	11.370029	-1.2500325	3.851792	-14.328919	1.1372597
SRR11006502	1.5244795	4.2505307	0.36562753	6.676441	8.238204	2.8628166	12.869102	11.238852	0.36839235	1.5527011	-14.1930485	1.2107558
SRR11006503	1.233118	4.010544	-0.2764183	7.2822614	9.0078335	3.0075216	13.175346	11.679266	-0.32936007	2.4105608	-2.045591	-6.262869
SRR11006504	2.6363442	4.7802887	-0.47618213	7.4563417	8.363319	5.3789163	14.169216	9.968153	-0.22128293	2.0677943	-14.1930485	1.2107558
SRR11006505	2.6437893	4.705516	-0.47306547	7.445516	8.404992	5.356963	14.207613	9.860089	0.04609986	2.2568424	-14.1930485	1.2107558
SRR11006506	1.8654463	5.70908	-0.7574295	7.1462007	8.499776	4.4678483	13.197449	11.909143	-0.36375678	2.0175328	-2.045591	-6.262869
SRR11006507	1.4637924	3.90611	-0.51571167	6.7901525	7.947661	3.2735343	11.584335	9.950136	-0.31008276	2.067824	-13.622829	0.7115943
SRR11006508	0.69924486	5.6334777	-1.105048	7.0651526	9.467755	4.681797	13.802476	8.690637	-0.6387807	2.1598659	-14.123933	1.2370102
SRR11006509	9.287986	3.5437331	3.561083	0.2596743	11.978446	3.242527	9.604487	6.8988967	-2.890516	6.641122	-10.491412	2.2210536
SRR11006510	1.2764254	6.041337	-1.6504314	5.519808	7.7850366	3.4034631	13.987325	11.280028	-0.7953065	2.67071	0.3573072	-3.6587281
SRR11006511	2.0289125	4.5035396	-1.1521523	6.721229	10.212928	5.4901276	13.839367	11.884395	-1.9143611	1.0907911	-13.020222	0.909354
SRR11006512	2.054559	4.460167	-0.28568244	5.6086974	8.85529	4.527608	14.033259	9.237037	-1.2749794	2.0884576	-14.123933	1.2370102
SRR11006513	1.4090554	5.1372657	-1.0018264	6.636382	9.887037	4.7715287	13.69665	11.524344	-2.0441983	2.685277	-14.123933	1.2370102
SRR11006514	1.0661821	4.686857	-1.0911202	6.292993	8.228964	4.724858	12.8518305	9.997043	-1.3348442	1.2967027	0.2988613	-3.5782356
SRR11006515	0.898527	4.9869504	-0.09565293	8.368169	8.101547	2.8890822	14.0958805	11.261255	-2.0264165	2.4978545	-1.8679053	-6.0139213
SRR11006516	1.5690516	4.407763	0.38843402	5.6700463	9.374416	5.175273	13.401763	10.810407	-1.9635941	2.7307827	-2.045591	-6.262869
SRR11006517	1.6201657	4.769509	-0.6062951	7.5721445	7.8795967	3.7933152	13.046069	11.4950285	-0.69934577	1.5919874	-2.045591	-6.262869
SRR11006519	2.1906588	5.059337	0.63664	7.8481555	8.588361	4.9590564	14.07882	9.909592	0.16832492	1.8282975	-1.8664129	-6.115476
SRR11006520	10.023556	4.1039023	3.3039927	0.46555847	11.625165	3.491936	11.665509	6.032873	-2.5085425	6.3853655	-10.37441	1.2637008
SRR11006521	2.6630104	5.5773396	0.24702708	6.6926103	8.159785	4.768813	13.917773	10.857601	-0.40964535	4.1158447	-14.1930485	1.2107558
SRR11006522	2.264173	4.8297553	-0.6134062	6.8622546	8.029843	3.2131307	13.427625	11.316703	-1.2174735	3.2787535	-14.228765	1.0882416
SRR11006523	1.2879685	4.369981	-0.015127137	7.4501705	11.263901	3.7610297	12.569093	11.729147	-1.1735872	1.0904255	0.28770915	-3.4419048
SRR11006524	1.7220691	4.164761	0.25865057	5.7420588	8.348727	2.8937886	13.257309	11.189361	-1.2167399	3.2455924	0.36144337	-3.780313
SRR11006525	1.6636	4.3460517	0.089785844	8.188644	9.449716	5.2326045	14.15469	11.106469	-2.061124	3.29836	-2.045591	-6.262869
SRR11006526	1.5619786	5.755077	-2.1623726	6.909373	8.353265	4.723944	13.692051	10.052213	-1.502648	1.9518315	0.3573072	-3.6587281
SRR11006527	2.0549	5.4338007	-0.07739744	8.085115	8.472115	4.411093	13.570934	10.039546	0.25243923	1.7808338	0.3573072	-3.6587281
SRR11006528	1.0292437	4.4274087	-0.7747073	7.555208	7.9957128	3.043552	13.482571	11.038804	-1.5842216	3.6003745	-2.045591	-6.262869
SRR11006529	1.9743996	4.874624	-1.572914	7.4749174	10.90833	5.219278	13.649781	11.36436	-1.281819	2.2411797	-2.045591	-6.262869
SRR11006530	1.8866467	4.7149205	-0.29765144	6.5775027	8.006716	4.9601493	12.945289	10.844991	-0.28833127	2.420999	-14.1930485	1.2107558
SRR11006531	9.9001665	3.5202026	3.5602322	0.03421273	11.5127535	3.1720026	9.086983	7.7636843	-3.0971909	6.3194275	-9.072982	2.836988
SRR11006532	1.5949093	4.171849	-0.22968644	7.693636	8.629529	3.491384	12.52298	9.9789295	-1.9107059	2.5716038	-13.344253	0.7098123
SRR11006533	1.3020647	5.243229	-1.1726754	7.249345	9.189213	4.7030163	14.113615	9.964276	-1.4819106	1.7144263	-13.991647	0.8800113
SRR11006534	1.4905577	5.110434	-2.5608366	7.0315485	9.244499	3.2317114	13.248848	7.1059127	-1.5236721	1.7597965	0.29923007	-3.5041733
SRR11006535	1.4968	3.879259	-2.4480045	7.066564	7.982619	3.116799	13.357478	11.899522	-0.8378346	1.5434767	-1.9462397	-6.0691314
SRR11006536	2.087165	5.454106	-2.2473412	6.785015	8.0192795	4.4476376	13.342408	7.152452	-0.095741965	2.5471838	-2.045591	-6.262869
SRR11006537	1.8762985	4.69965	-2.3100505	6.9575744	8.191015	3.903528	13.663491	11.670677	-0.51463825	3.4436848	-13.662935	1.1076255
SRR11006538	0.8230317	5.236039	-0.9931581	7.17755	8.928094	4.0701184	13.750441	9.323951	-2.113111	1.8023816	-13.716252	1.0062889
SRR11006539	2.6030383	4.256294	-2.2903554	6.9333634	10.347806	4.83421	14.567138	10.707591	-0.8090657	4.1291485	-1.8664129	-6.115476
SRR11006540	2.5330305	4.8781333	-0.75073004	8.236487	10.021674	4.490173	13.821555	10.031006	-0.93031317	4.12669	-12.9832535	0.81733465
SRR11006541	1.9702308	4.7690086	-1.7196791	6.6376014	8.141702	3.5084245	13.276618	10.764046	-2.0641234	1.3973347	-1.8679053	-6.0139213
SRR11006542	9.120138	4.206788	4.1925483	-0.037007466	11.398608	2.965782	9.40538	8.487057	-2.3746421	7.4832788	-9.890039	2.1220164
SRR11006543	2.4853046	5.3126707	-2.612746	7.062463	8.171497	2.6262429	14.144891	9.275439	-1.0730485	4.0314403	-13.995038	0.97069573
SRR11006544	1.7673216	5.466921	-2.274373	6.9149876	7.9561505	3.7194448	14.266825	9.189484	-1.4797593	3.6818175	-14.1930485	1.2107558
SRR11006545	2.5820422	5.2510614	-2.1656177	7.176122	8.229868	4.7975273	14.615809	10.580992	0.03106774	2.2989542	0.3573072	-3.6587281
SRR11006546	1.9540533	5.332158	-2.0085976	6.956705	7.9133434	4.5940094	14.191736	10.406277	-1.169063	1.1604744	0.3573072	-3.6587281
SRR11006547	1.7027314	5.3768473	-2.3405857	6.8590693	9.33872	4.16232	13.33502	7.011756	-1.0160391	3.092001	-2.045591	-6.262869
SRR11006548	2.3599715	5.2114563	-2.3058054	6.9354467	8.997371	4.0104218	14.1467905	8.92427	-1.6063284	2.4960263	-10.201238	2.185914
SRR11006549	2.525196	5.17172	-2.239607	6.9262366	8.180856	4.7485123	14.725126	10.082701	-2.1433413	1.7590204	-10.201238	2.185914
SRR11006550	1.8050951	4.8473716	-1.4789068	7.2474513	8.657596	3.3825967	13.00691	10.47326	-1.2922564	3.1241534	-13.4288645	0.7555244
SRR11006551	2.4629982	4.677107	-2.3246999	6.780206	10.791714	4.4600816	13.93645	10.677628	-0.024927368	1.2633146	-14.238666	1.1501577
SRR11006552	2.5375767	5.5142097	-2.2041488	6.911933	8.193127	3.6433337	13.342977	9.641865	-0.92695653	3.7699964	0.31427082	-3.758137
SRR11006553	9.320546	4.3198442	3.4213889	0.3259207	12.289167	3.1572697	9.186424	8.67231	-2.107547	5.7442126	-10.151385	2.7153897
SRR11006554	1.229193	4.2837114	-2.119411	7.065713	8.324071	2.6393569	13.418337	7.610642	-0.29432902	3.1626348	0.3794875	-3.6902294
SRR11006555	2.4739575	5.652412	-1.5907998	7.2959056	8.195219	4.828765	13.247548	10.158032	-0.875796	3.7718768	0.2735792	-3.4856756
SRR11006556	2.7007468	5.4673033	-2.1484678	6.8802156	8.057715	2.7920973	13.402671	10.007232	-0.53965795	3.8327992	-13.15781	1.0001893
SRR11006557	0.99236846	4.4805884	-0.12843156	7.4426904	8.323306	2.9918313	12.831308	10.109743	-1.6927481	1.3313255	-1.9531951	-6.0972705
SRR11006558	1.7083635	4.3246045	-0.57999367	8.11895	8.606765	4.905966	12.699758	11.21598	-0.30859414	1.8742061	0.24066162	-3.3965297
SRR11006559	1.3635224	4.3895707	-0.6236531	6.954911	8.228697	3.2903876	13.295956	10.4683485	-0.13958831	3.9897065	0.4133762	-3.6850758
SRR11006560	0.7579871	5.276373	-2.2300599	6.893074	7.7670116	4.5704317	13.586523	8.474352	-1.2683012	1.896512	-13.716252	1.0062889
SRR11006561	2.0285332	5.800721	0.30052194	5.839488	10.728976	5.800057	13.328002	6.970163	0.18733715	1.5563105	0.28889006	-3.8387294
SRR11006562	1.5160381	5.61586	-0.4192285	7.599287	10.396164	5.5979815	13.812943	9.92109	-2.0690813	1.8271345	-13.2122345	1.0788765
SRR11006563	1.4537618	5.7879043	-1.9067538	7.0683813	8.440294	2.995835	12.0162325	11.036896	-1.9016596	2.4404023	-13.88819	1.1597673
SRR11006564	9.876373	3.5470881	3.5231757	-0.97425324	11.3153925	3.035701	8.942872	7.737765	-3.0152745	6.6622934	-9.989843	2.3997989
SRR11006565	2.3199003	4.134944	-1.105251	5.9715056	8.838946	4.742868	13.081739	10.896743	-1.1326346	3.9465692	-14.238666	1.1501577
SRR11006566	1.244787	4.262525	-2.2229402	6.9902706	8.406038	2.597897	13.502607	11.328241	-0.3776846	3.16823	0.3573072	-3.6587281
SRR11006567	1.3908136	4.607389	-0.12420176	6.3237915	8.277414	2.946921	12.515053	10.534868	-1.2552925	1.1506037	-14.088402	1.3595389
SRR11006568	1.8241835	4.42908	-2.012547	7.1802807	8.883001	4.74988	12.856894	10.532722	-0.74202186	2.9640481	0.34774062	-3.659042
SRR11006569	2.1566083	4.975263	-0.06629391	6.349371	11.500689	4.473356	13.286685	10.527349	0.011478868	1.2867092	0.6292159	-3.7648935
SRR11006570	1.3583031	4.8233347	-2.3421204	6.8564234	7.732069	3.737289	13.247446	7.23591	-1.4607232	3.006094	0.69433635	-3.7829175
SRR11006571	2.509654	4.8525043	-0.8521519	7.481582	7.9575925	4.7137218	14.050245	8.952019	0.07247357	1.698391	-14.183761	1.1137961
SRR11006572	0.8152012	4.88953	0.27827552	6.726583	8.048494	2.755718	13.589145	9.9498625	-1.3599558	2.2639291	0.3573072	-3.6587281
SRR11006573	2.6871486	5.0380473	-1.6969051	6.612122	10.177199	5.8552	12.502112	10.7173	-0.8067945	4.241718	-2.045591	-6.262869
SRR11006574	2.6100209	5.330294	-1.087359	6.8695054	10.172541	5.750288	13.150797	9.654661	-1.1115209	3.2145932	-2.045591	-6.262869
SRR11006575	9.456905	3.6801283	3.5405722	0.09615989	11.31248	2.7616634	9.694914	6.9157653	-2.6683888	6.684846	-9.925374	1.6710348
SRR11006576	1.5581008	5.4684343	0.26599103	6.7674584	7.651795	4.4717374	14.057671	10.217367	-2.1983306	2.4071207	-13.7023115	0.71527255
SRR11006577	2.259704	5.6716104	-1.0388955	6.9850483	8.128951	4.393155	14.221766	10.74262	-1.4039986	1.5591893	0.3794875	-3.6902294
SRR11006578	2.0313585	4.766969	-0.9158651	8.027617	8.555719	4.306639	13.417598	11.376922	-1.2858317	3.9929018	-13.635295	0.82700336
SRR11006579	1.4381505	4.976113	-1.7847954	6.0990977	8.425689	3.2331448	13.515276	10.720098	-1.5550251	1.897993	-1.9531951	-6.0972705
SRR11006580	2.5496097	5.6489854	-0.38184452	7.6031947	8.002865	4.5160055	13.351114	11.598191	-1.1019645	3.9469686	0.08930576	-3.250076
SRR11006581	2.1490448	4.6675415	-0.020782834	8.087428	8.656618	4.9503355	13.471097	10.341395	0.3406589	1.8774788	0.2321563	-3.4475734
SRR11006582	1.4111857	5.0088267	-0.6300331	8.4206295	8.2618885	4.201527	12.915592	11.523987	-2.0147514	1.743407	-13.337791	1.0083905
SRR11006583	1.798585	5.2838764	-0.52713525	7.4806337	8.123556	4.083536	14.311281	10.259992	-1.1114589	1.1551294	-1.9236265	-6.036222
SRR11006584	2.282236	4.055138	0.39560473	6.530088	8.741223	4.889973	13.434146	11.105433	-0.7434014	3.7507246	-2.0189106	-6.1497345
SRR11006585	1.4641553	5.1455503	-0.5388103	7.4987283	8.665836	4.23733	13.414193	11.43479	-1.6759504	2.122335	-1.9222994	-6.026212
SRR11006586	9.250045	3.8475296	3.403451	-0.17945144	12.075812	3.5650651	9.798133	6.8329096	-2.135875	6.7992387	-9.836837	1.7750479
SRR11006587	1.9460437	4.649648	-0.4396613	7.976117	9.25971	4.9492393	13.596136	11.416756	-0.7522236	1.6377252	-13.063716	0.81135076
SRR11006588	2.636765	5.4759097	-1.6291224	7.596713	8.284437	4.0217686	14.214027	10.232889	-1.0060174	3.8092852	0.2988613	-3.5782356
SRR11006589	1.8059782	4.755298	-0.6387659	8.203507	8.445998	4.4168496	13.438513	11.347196	-0.32711017	1.176381	-13.622829	0.7115943
SRR11006590	2.5905418	4.52811	-0.46187118	7.5475817	8.824548	5.0510097	13.820684	11.646611	-1.1928526	3.2631934	-2.045591	-6.262869
SRR11006591	0.9448629	4.3563433	-0.1407133	8.192336	9.060816	4.271163	12.863407	10.17868	-1.8401928	1.293195	-13.344253	0.7098123
SRR11006592	2.3136458	5.4724565	-0.65190625	6.861222	8.115271	4.8403845	13.521888	10.361585	-1.4402387	3.7191775	0.50896543	-3.9877117
SRR11006593	1.769734	4.0543995	-0.5681816	6.2616587	8.35632	5.3642592	13.242192	10.312842	0.02993663	2.0802577	-13.2122345	1.0788765
SRR11006594	1.9635559	5.211478	-0.90033156	7.2441916	8.619709	4.541842	14.393133	10.503326	-1.804924	2.067873	-2.0426266	-6.192949
SRR11006595	2.416553	5.5313377	-1.3400582	7.3054547	8.262223	4.1788287	13.450528	10.39955	-0.94089824	4.037345	-13.991647	0.8800113
SRR11006596	1.6950508	4.116479	0.040018644	6.767935	8.284545	2.7876368	12.537223	10.811689	-0.6284988	3.7702746	-13.88819	1.1597673
SRR11006597	10.213674	3.663708	4.1806793	0.11079124	11.731742	3.7482193	9.725139	8.5885315	-2.6947358	6.4940977	-11.7674055	1.0028037
SRR11006598	12.999093	4.856354	4.985824	-2.7321591	11.276499	6.8091908	10.844475	5.5403886	0.87561405	8.50767	-10.034528	0.65172255
SRR11006599	1.4343921	5.1626306	-1.4726689	6.588657	7.7056346	4.014506	13.402093	10.340855	-1.6023449	1.9318432	-13.2122345	1.0788765
SRR11006600	2.210004	4.5383162	0.4831336	7.9851127	7.89081	3.7030225	12.79992	10.775547	0.2931307	2.1611643	0.2839111	-3.578204
SRR11006601	2.1983802	5.472633	-1.6208239	7.4257636	8.353015	4.139682	14.234091	9.889476	-0.5640692	3.6512024	-13.482622	1.1142459
SRR11006602	1.5432049	5.6945395	-1.5345253	7.3879156	10.49391	3.3366005	13.843941	9.755626	-1.8438016	2.0756414	0.3573072	-3.6587281
SRR11006603	1.67451	4.347717	-0.9200832	7.62572	9.36224	5.178173	14.676006	10.294325	-0.7771033	2.635421	-2.045591	-6.262869
SRR11006604	1.3027042	4.7336783	-0.71552914	6.8425922	8.921062	4.6703734	13.360194	7.5465984	-1.4252791	2.2522666	-14.299098	0.94937485
SRR11006605	1.7033867	5.14128	-0.08201868	7.7643743	7.9235215	3.5313807	14.032278	10.206426	-1.013071	1.7927784	0.3573072	-3.6587281
SRR11006606	1.6165694	5.0264907	-0.35741687	6.6709266	9.269867	5.2803197	13.657756	11.236871	-1.283488	1.2958863	-2.045591	-6.262869
SRR11006607	1.6004856	4.4356084	0.19765246	7.0781374	9.816428	4.7143283	12.833194	11.454087	0.14904736	1.6201384	-13.545753	0.9632556
SRR11006608	1.5404204	5.140498	-0.5577225	8.298664	8.431997	4.4900084	14.389154	10.4333315	-1.920786	1.7388837	0.48976275	-3.8868482
SRR11006609	10.158925	3.58608	4.0395365	0.17288023	11.822176	3.7196772	8.884835	7.638184	-2.376072	5.9329686	-10.249215	2.5310445
SRR11006610	2.3744216	5.2089887	-0.07034855	7.9772277	9.910771	4.619808	14.2840395	10.0584	-0.7256978	3.5646112	-2.045591	-6.262869
SRR11006611	2.3981392	5.0168095	-0.073736385	8.40006	10.43091	4.788953	14.103207	9.80275	-0.16132665	2.3435488	-2.045591	-6.262869
SRR11006612	2.545358	4.61822	-3.1128397	6.923007	8.70717	5.1649265	14.583074	11.029269	-0.21380602	3.728263	-2.045591	-6.262869
SRR11006613	1.877492	4.5734296	-3.1761198	7.0005445	9.140174	5.1645374	13.553962	11.787064	-0.33125874	3.7006762	-2.045591	-6.262869
SRR11006614	2.2912295	5.1042485	-3.149509	6.885139	9.09974	3.368556	13.05429	11.187534	-0.08682607	1.1561099	-14.199357	1.140514
SRR11006615	1.2257133	4.6143656	-3.0844247	6.936457	9.144629	3.611535	13.773573	11.508334	-1.8348054	1.591722	-14.199357	1.140514
SRR11006616	1.662358	5.1244254	-3.1491485	6.9820843	7.905577	3.6181633	12.23225	7.1655574	-1.0918312	3.5333717	0.3573072	-3.6587281
SRR11006617	1.6317564	4.2556605	-3.096277	6.950028	8.663094	4.8157525	12.602218	10.950786	-0.15959178	2.0630126	-1.8896149	-6.028988
SRR11006618	1.4853523	5.476736	-3.0639052	6.9038167	7.652921	3.7905793	13.376346	11.409941	-1.7296373	2.1145132	-13.8903055	0.89073455
SRR11006619	1.4157131	4.8296556	-3.1424932	6.994846	7.6829414	3.8360164	12.641949	11.187704	-1.4076624	3.6676269	-14.165305	1.1110549
SRR11006620	9.045557	4.3615046	3.5530527	-0.85273415	11.452268	2.9202065	9.28547	8.763527	-1.9374418	6.2752314	17.46519	5.2046924
SRR11006621	2.3903944	4.5502357	-3.1420162	6.9646077	8.933788	4.613284	12.671524	10.588513	-1.2511148	2.220821	-14.238666	1.1501577
SRR11006622	1.7191068	4.431619	-3.0230749	6.9584575	8.537133	5.293708	13.308397	11.2162485	-0.18878408	2.394319	-11.702684	-0.278579
SRR11006623	1.2114509	4.0273795	-3.1442435	6.972204	9.001513	3.3228376	14.690265	10.292648	-1.3775302	1.3476155	0.6872946	-3.8133826
SRR11006624	1.4158634	4.582078	-3.1491039	7.0027437	8.4420805	5.207314	13.203452	6.836171	-2.0161533	1.5557005	-2.045591	-6.262869
SRR11006626	1.4276325	4.4405265	-3.1511161	6.954252	8.436748	4.36924	12.590107	11.303509	-0.6260559	1.4406267	-13.236098	1.0817821
SRR11006627	2.1430042	5.5888257	-3.0916467	6.9947324	9.267905	5.3466487	13.334513	6.838392	-1.222482	3.6133504	0.2815651	-3.5571089
SRR11006628	1.8084356	5.505323	-2.9495878	6.795609	8.440453	3.8966162	13.636255	11.133623	0.16349673	1.8775088	0.54356354	-3.8549588
SRR11006629	1.9487715	4.4185467	-3.177413	6.9425926	9.725095	4.128285	14.581562	11.089517	-0.30867463	2.4959066	-13.034903	0.94327176
SRR11006630	1.5717767	5.736777	-3.1127758	6.969297	7.7088823	3.7565627	13.24442	9.693374	-1.8907566	2.463474	-2.0551195	-6.142629
SRR11006631	9.23912	4.1765356	3.3688295	-0.54269373	12.065489	3.6503913	9.722771	6.9653516	-1.9653615	5.9112897	-8.975045	2.9927921
SRR11006632	2.3288596	5.0673175	-2.8109927	6.784135	9.4571295	4.4846277	13.781015	11.012054	-0.86077625	2.9939096	-13.88819	1.1597673
SRR11006633	2.6744301	5.4588046	-2.9643433	7.0334034	7.888794	3.4985507	14.199718	9.360673	-1.234345	3.828906	-1.9300065	-6.06913
SRR11006634	12.732853	4.731242	3.6904464	-1.4161602	11.473545	6.758524	10.950378	5.888627	0.60394	9.279021	-10.269187	1.4733907
SRR11006635	12.569701	4.4145	3.5985272	-1.1929299	10.996868	6.5342736	11.188874	5.9150157	0.7451388	8.627481	-10.269187	1.4733907
SRR11006636	13.28606	4.84121	3.67902	-2.6971512	11.689078	7.0976834	10.047793	6.4350634	0.5794441	9.261054	-9.703266	2.091021
SRR11006637	12.044369	4.202971	0.67841345	-1.836342	10.545588	6.662418	11.482962	5.6877017	-1.5110341	7.3028965	-11.565841	2.0256782
SRR11006638	12.060102	4.546255	0.6924968	-1.8501695	11.304716	6.8071175	11.189207	5.640101	0.24605542	8.812588	-11.565841	2.0256782
SRR11006639	12.15539	4.5761547	0.6748034	-1.8443655	10.562916	6.6820316	9.397434	6.815215	-0.11681835	8.791449	-11.518056	2.0845351
SRR11006640	12.176458	4.647013	0.7040602	-1.8709676	10.546397	6.6596317	11.59165	5.642373	0.092726976	8.60932	-11.565841	2.0256782
SRR11006641	12.164916	4.6426983	0.7344699	-1.8079418	11.146879	6.719473	11.549043	5.6030293	0.11234969	8.769239	-11.565841	2.0256782
SRR11006642	10.019481	3.7292695	3.4499521	0.55711865	11.479846	3.8597844	9.007705	7.879546	-2.296443	6.5877395	-9.525386	2.9898012
SRR11006643	12.084102	4.6735344	0.6930187	-1.8527296	11.146447	6.9225116	9.452934	6.8360248	0.22652137	8.882928	-11.622247	1.9441446
SRR11006644	12.207205	4.705963	0.6803741	-1.8370659	11.345586	6.821552	9.437609	6.8267875	0.25339574	8.902563	-11.476103	1.8893651
SRR11006645	9.390948	4.393617	4.231476	0.1812679	11.441954	3.0011823	9.560129	8.4016075	-1.6097242	7.228043	-11.53139	1.9061155
SRR11006646	12.08512	4.639267	0.6795551	-1.8772703	11.203602	6.930855	11.398222	5.5016093	0.20520836	8.754147	-11.5641985	2.018567
SRR11006647	12.205838	4.5547915	0.6891042	-1.8728089	11.362559	6.79818	11.339508	5.551268	-0.11812224	8.776777	-11.565841	2.0256782
SRR11006648	11.942878	4.0828476	3.217189	-0.76251984	11.675744	4.2866855	11.687947	5.7422805	-1.915424	6.9711056	-11.565841	2.0256782
SRR11006649	12.157555	4.6280365	0.65503204	-1.8183603	11.209331	6.950947	11.276956	5.4846554	-0.13695902	8.798869	-11.565841	2.0256782
SRR11006650	9.411218	4.1114426	3.8102589	0.23477076	12.085495	3.3026047	9.841889	6.796014	-1.9857869	7.122457	-5.3288527	4.133698
SRR11006651	9.397413	3.5103981	3.6774244	0.3641959	11.715276	3.1762192	11.758074	5.907349	-2.9511027	6.6684403	-10.304637	1.5830816
SRR11006652	9.461287	3.807813	4.0829444	0.5354628	11.321447	2.978947	9.953189	6.7069325	-2.4634326	7.2774534	17.46519	5.2046924
SRR11006653	9.615674	4.237685	4.02029	0.19857514	11.713228	2.6455615	9.1168165	8.524096	-2.171135	6.029247	-10.217035	1.9314113
SRR11006654	9.53021	3.6481	3.554572	-0.6093751	11.933335	2.8513484	9.18871	8.529444	-2.967076	6.677461	17.46519	5.2046924
SRR11006655	9.296218	4.2396817	3.572146	-0.31808966	12.388935	3.031366	9.134293	8.1399	-2.4349706	7.417105	-9.107729	2.742642
SRR11006656	9.603552	4.020054	3.8696885	0.62869054	11.53734	2.5751207	9.653817	8.355904	-2.5624216	6.501471	-10.503915	1.1639599
SRR11006657	10.072385	3.8014815	4.1885233	0.38409597	11.486246	4.114626	9.2441845	8.619997	-2.4343345	6.774919	-10.61406	1.5029206
SRR11006658	10.078292	3.5433795	3.6023726	0.05562871	11.876969	3.6311657	8.908528	7.734027	-2.06706	6.8600245	-9.15459	2.7375937
SRR11006659	9.334429	3.6417234	3.4688118	0.6058682	11.912611	2.543291	9.306522	8.719304	-2.3881824	7.350674	-10.181979	2.5557117
SRR11006660	13.419917	5.020062	3.909411	-3.136829	14.1402445	7.136283	10.269942	5.542224	0.368808	8.616596	-10.581066	0.9069523
SRR11006661	9.8569565	3.7425914	3.846135	-0.046590585	11.985399	3.2467499	9.014975	8.009706	-3.0760407	6.7460065	-10.567226	2.4659634
SRR11006662	8.983281	3.6688533	3.579605	-0.8691656	11.617816	3.3726656	9.813789	6.7391753	-2.2454827	7.479488	17.46519	5.2046924
SRR11006663	9.269569	4.2523375	3.3681893	-0.6393681	12.299771	3.1742456	9.873605	8.394957	-2.4676163	7.4436407	-11.020045	1.2841337
SRR11006664	9.274053	3.537813	4.137081	0.24756067	11.701914	2.6832693	9.659482	6.941526	-2.6072946	6.3103094	17.46519	5.2046924
SRR11006665	9.438513	3.874476	3.4851594	0.63936913	12.265481	3.1250892	9.261795	8.793362	-2.4250193	7.337946	17.46519	5.2046924
SRR11006666	9.406704	3.8926382	3.5800927	-0.70625305	12.16338	2.9088545	9.51348	8.144147	-2.667604	6.396499	17.46519	5.2046924
SRR11006667	9.441538	3.6589768	3.5956295	-0.87410295	11.628541	3.4240546	11.883772	6.073742	-2.4758346	7.327892	-10.206885	1.9785024
SRR11006668	9.354514	4.144306	3.3634064	-0.6427175	12.332607	3.1662161	9.323237	8.614534	-1.6188868	5.2370977	-9.016203	3.0801034
SRR11006669	9.688863	4.2455626	3.6053696	0.22356308	12.06416	2.5619678	9.097641	8.289673	-2.1131325	6.663777	-7.837303	-0.65246016
SRR11006670	9.487974	3.7443118	3.5217433	-0.9188704	11.585146	2.864681	9.845299	7.0134883	-2.3581243	6.179211	17.46519	5.2046924
SRR11006671	12.950642	4.8445764	4.2288094	-2.8325477	12.779824	7.149852	10.840458	5.4667544	0.78912663	8.690999	-10.531812	0.85725516
SRR11006672	10.029427	3.8040519	3.5007968	0.66209996	11.509095	3.8495524	9.461965	8.476874	-3.017025	6.6426716	-7.837303	-0.65246016
SRR11006673	9.162243	3.8853846	3.5309107	0.5208462	12.214579	3.4947822	11.822504	6.030042	-2.2479248	6.082954	-9.086336	3.0450876
SRR11006674	9.098386	3.9352841	3.5422027	0.49874768	12.117815	3.5619292	11.839963	6.084278	-2.2396715	6.0301347	-9.086336	3.0450876
SRR11006675	9.299538	4.0387683	3.3935442	0.5636255	11.741534	3.6589925	9.600278	8.692026	-2.40329	7.5046883	-10.560192	1.8346913
SRR11006676	9.46456	4.218596	3.5189939	0.69986135	11.4187355	3.1329	11.66298	6.030315	-2.0560112	7.2302217	-10.042615	2.6968493
SRR11006677	9.460566	4.284108	3.4649174	0.66992337	11.555105	3.2402287	9.864378	8.366704	-2.2819412	7.4782515	-10.042615	2.6968493
SRR11006678	10.486543	3.770148	4.2334614	0.19417548	11.58103	3.9263506	10.390816	6.2987432	-2.116498	6.7960835	-8.959076	3.0482597
SRR11006679	9.330848	3.6062346	3.4151914	-0.5968456	12.102388	3.196112	11.895403	5.943505	-2.922169	6.6859245	-9.402375	3.0465896
SRR11006680	9.40738	4.267861	3.7066686	-0.62739694	12.297906	3.1896117	9.2600765	8.13389	-2.2717109	6.095722	-11.7674055	1.0028037
SRR11006681	9.066623	4.211916	3.7329936	-0.616532	10.984036	5.993241	9.542228	8.612646	-2.3608892	6.331578	-10.670133	0.9936721
SRR11006682	12.934768	4.755031	4.80109	-3.0391445	12.635821	6.9718785	10.923142	5.3927393	0.350801	8.563783	-10.531812	0.85725516
SRR11006683	9.270652	3.9590535	3.6305661	-0.92734265	11.49866	2.9515173	12.491076	6.117065	-1.4892195	6.930397	-9.571923	2.385992
SRR11006684	9.123505	3.6355255	3.6215782	-0.89377683	11.420332	2.8073077	11.817038	5.986574	-1.4871181	6.895176	-9.571923	2.385992
SRR11006685	9.069909	4.3085365	3.4858687	-0.8567052	11.150082	2.7662027	9.141394	8.536725	-2.4730554	6.5157347	-10.692793	0.90189976
SRR11006686	3.005049	4.514431	0.13358761	7.9334726	8.179777	5.167869	13.345243	11.746339	-1.5057347	3.2538557	-10.573277	1.5818244
SRR11006687	2.9765058	4.499782	-0.05606623	8.118397	8.199114	5.1719356	13.416164	11.702138	-1.4724352	3.4699833	-10.573277	1.5818244
SRR11006689	2.9358115	4.304674	0.43508187	6.200832	9.566437	4.947964	14.014055	11.228157	-0.89583266	3.672003	-10.281181	2.115893
SRR11006690	2.261561	5.3616962	0.57963485	7.6837187	10.475648	3.366741	13.819463	11.171275	-1.8396572	1.3652219	-11.672343	0.9924335
SRR11006691	3.6323354	4.8342905	0.34137958	7.1265035	8.873817	2.6756487	13.27037	9.525255	-1.7071841	5.259836	-10.573277	1.5818244
SRR11006692	2.453216	5.1196713	-0.23908584	6.852365	10.953002	5.9114647	13.766321	11.261536	0.2463971	1.753589	-11.204712	0.012661443
SRR11006693	12.650148	5.2032347	4.2345905	-2.8337305	11.404789	6.9519653	10.244765	5.775994	0.8518889	8.738834	-10.608695	1.018888
SRR11006694	3.645608	4.8246503	0.35243845	7.1145225	8.19572	3.027927	13.9391575	9.278855	-1.6171097	5.2571716	-10.573277	1.5818244
SRR11006695	2.9670866	4.106887	-0.525212	6.7979484	9.703288	4.7996197	10.985825	9.128706	-1.90226	3.6395137	-10.281181	2.115893
SRR11006696	2.4549403	5.099507	0.04975182	6.9865437	7.9616055	4.173109	13.999523	9.09687	0.12738562	2.2285988	-14.1930485	1.2107558
SRR11006697	10.022653	3.363925	-0.036137637	8.080455	7.6241655	4.4539204	8.869986	7.665108	0.46908197	1.6191479	-10.573277	1.5818244
SRR11006698	2.6853893	3.8817413	0.1404318	6.8954453	9.124009	3.4567616	12.941027	11.273315	-1.9271907	3.185304	-10.204037	2.299225
SRR11006699	2.3756468	3.8166318	0.40627274	6.421843	8.152348	5.305717	9.974126	8.6502695	-1.3725569	2.3614905	-10.17403	2.5468426
SRR11006700	2.4575984	3.8425374	0.41839644	6.495144	8.054188	5.2711363	13.783087	9.618191	-1.3952367	2.3430707	-10.17403	2.5468426
SRR11006701	2.7383451	4.448535	0.3643412	6.7367506	9.352348	4.1123757	11.063039	8.540634	-0.7629894	3.1695876	-9.6391325	2.085339
SRR11006702	1.0177659	4.273942	-0.050532367	6.4940434	8.186215	2.6442802	13.888553	11.6387205	-0.2500977	2.3694105	-10.573277	1.5818244
SRR11006703	2.2510536	4.4373813	-0.41975722	6.302188	9.591339	3.9886527	12.497829	10.645664	-0.03230605	2.2734675	-9.6391325	2.085339
SRR11006704	13.02237	4.6984286	4.9373217	-2.669238	13.073115	7.510446	12.333319	5.988867	0.58356017	8.428944	-10.518024	0.8316937
SRR11006705	10.066315	3.4678085	-0.6285687	6.189008	9.039491	4.7953515	8.927612	7.588038	-1.8180587	3.686983	-14.258084	1.1137288
SRR11006706	3.090741	4.47774	0.16596876	7.822441	9.287084	4.525014	12.356907	9.7347765	-1.4545232	3.9713807	-9.6391325	2.085339
SRR11006707	-6.918272	8.531639	18.007881	0.2562296	-14.751978	9.687748	-3.8913083	4.0160036	7.6868587	4.6124873	-10.698905	1.8343468
SRR11006708	-6.9182777	8.531632	18.005869	0.2545568	-14.752266	9.687836	-3.8913124	4.0160227	7.689498	4.6113253	-10.686054	1.8278376
SRR11006709	-6.9182644	8.531629	18.005539	0.25430387	-14.752267	9.687832	-3.8913057	4.0160193	7.689521	4.6113224	-10.482383	2.0090828
SRR11006710	-6.9182544	8.531631	18.00534	0.2541336	-14.7522545	9.687831	-3.891301	4.0160007	7.6923943	4.610355	-10.69088	1.4766182
SRR11006711	1.3790411	5.7659874	-1.3690795	6.2299542	8.417622	4.1893153	13.493341	10.107947	-1.4115455	2.422059	0.3573072	-3.6587281
SRR11006712	2.6079957	4.6283736	-1.8179336	6.0608225	9.210302	4.7920723	13.579982	8.36831	-0.39651325	4.43165	-1.8535548	-5.9919353
SRR11006713	1.0733668	5.7443113	-1.08362	6.584581	9.947572	5.188915	13.839001	8.7277155	-1.3622075	2.327355	-14.1930485	1.2107558
SRR11006714	1.9276621	4.158081	-1.2464637	6.735925	7.6643233	3.5589178	12.755864	11.350674	-1.0641934	4.0458293	0.3573072	-3.6587281
SRR11006715	1.3317941	6.0311866	-1.6444619	5.5590596	7.6234074	3.455381	13.987325	11.280028	-0.78141433	2.6676767	0.3573072	-3.6587281
SRR11006716	1.3044102	5.975719	-1.6881016	5.5377936	7.6276507	3.4786732	12.416851	11.610237	-0.79292464	2.6664407	0.3573072	-3.6587281
SRR11006717	10.140149	3.5369296	3.375315	-0.6199662	11.150245	2.8786054	9.082911	7.379072	-1.8972899	6.485106	-10.701385	1.968363
SRR11006718	0.5817517	5.724364	-1.717632	5.5581264	10.372533	5.039769	13.79167	8.810246	-1.9606758	1.0871363	-1.9531951	-6.0972705
SRR11006719	1.1900958	4.9700522	-1.3106967	6.2342143	11.102338	5.729982	14.556357	10.703563	-0.24169528	1.9353399	-14.1930485	1.2107558
SRR11006720	0.6690923	5.6262946	-1.7934787	6.1165934	9.976725	4.7437596	13.882901	8.749762	-1.9721344	1.069753	-2.045591	-6.262869
SRR11006721	0.62291837	5.6206245	-1.7134689	6.079733	9.932918	4.7878976	13.817344	9.181157	-1.9853387	1.0618553	-2.045591	-6.262869
SRR11006722	0.619285	5.6768694	-1.7833185	6.1144457	10.235433	4.9194026	13.783387	8.763331	-1.9744809	1.0635159	-2.045591	-6.262869
SRR11006723	1.211808	5.619754	-1.1757071	6.4939218	11.494744	4.629321	12.6099	11.32358	-1.8696945	2.3539455	-14.1930485	1.2107558
SRR11006724	1.2944	5.980015	-0.9653683	6.6376963	7.676265	3.486603	13.8815975	9.495524	-0.6407916	2.132736	-14.1930485	1.2107558
SRR11006725	1.6832057	5.917588	-1.1388111	6.4529066	8.0519285	3.598785	13.951455	9.510022	-0.5037257	1.1607609	0.3573072	-3.6587281
SRR11006726	1.2657584	5.981508	-1.7054644	6.2195516	7.5231543	3.4194496	14.048083	9.099274	-1.7056674	2.214123	-14.1930485	1.2107558
SRR11006727	1.9961839	4.1467195	-0.61236876	7.279569	8.909836	4.6714773	13.610245	11.704758	0.40704173	1.6010629	0.3052012	-3.747083
SRR11006728	10.083672	3.7464588	4.0557723	0.59142464	11.358019	3.9655786	9.238171	8.388652	-1.7583216	6.4963884	-10.0083885	1.9338887
SRR11006729	1.8789626	5.529325	-1.70594	7.5440087	8.251856	4.319486	14.041622	10.279276	-0.051076356	1.3343669	0.3573072	-3.6587281
SRR11006730	1.7465931	4.2542033	0.45298305	8.038612	8.38147	2.5894215	14.558395	10.677616	0.08751135	2.181432	-1.9462397	-6.0691314
SRR11006731	1.479319	4.607916	-0.37024257	7.399049	8.443721	4.882631	13.164131	11.713983	-1.7615752	2.5596635	-2.045591	-6.262869
SRR11006732	1.5782824	5.703667	-0.02253049	7.419251	8.587691	4.825401	12.432332	11.772738	-0.6601978	1.5818746	-1.9531951	-6.0972705
SRR11006733	2.380884	5.564766	-0.8352559	8.268971	7.9364824	4.609024	14.296491	10.190027	-1.0060356	3.4600995	-13.3141775	1.09553
SRR11006734	1.6423289	4.9996095	-0.38770688	7.5934787	8.105194	3.7658284	12.683146	11.536408	-1.846587	1.6858987	-2.0426266	-6.192949
SRR11006735	2.2188683	4.196646	-1.1220933	7.414055	8.67027	5.300299	12.799625	10.476135	-0.8347482	3.5243926	0.3794875	-3.6902294
SRR11006736	0.9438721	4.4535017	0.07817116	8.389479	9.138869	4.166667	13.090704	10.476833	-0.40505233	2.22076	0.3573072	-3.6587281
SRR11006737	2.5631077	5.559338	-0.012321837	7.431238	8.404796	4.400865	13.913348	10.218312	-1.2869809	3.952224	-13.991647	0.8800113
SRR11006738	2.4004512	4.8695183	0.09646653	8.085135	9.730855	4.1192145	13.97434	9.858772	-0.2924553	2.4090981	-14.1930485	1.2107558
SRR11006739	9.800776	3.542314	3.8162565	1.0009867	11.749863	2.6188543	9.048957	7.720936	-3.1129305	6.648322	-11.437715	0.7724621
SRR11006740	1.7159984	4.392809	0.47810766	7.989446	8.429934	2.557151	12.592281	11.241496	0.21275766	2.0531948	-2.045591	-6.262869
SRR11006741	1.6830148	4.418839	-0.7159844	7.166695	8.905918	4.6197815	13.47718	10.732053	-0.4930765	2.256098	0.3052012	-3.747083
SRR11006742	1.433541	5.705842	-0.6170619	7.6331167	8.086345	2.9336324	14.061491	10.060116	-1.656856	2.0306675	0.27612796	-3.709709
SRR11006743	2.7503338	5.402124	0.069550194	6.901245	7.981219	4.6803155	13.514293	8.984983	-0.23591657	3.090106	-13.3152685	1.1410195
SRR11006744	1.8438655	5.403345	-1.2890493	6.7625775	7.6786094	4.582986	14.228522	10.476205	-1.1488764	2.518571	-14.1930485	1.2107558
SRR11006745	2.8231027	4.600741	-0.69018984	7.388344	8.955263	5.333094	13.2932205	9.559893	-1.3916777	2.7271392	0.3573072	-3.6587281
SRR11006746	2.5139992	4.979903	-0.6743355	6.9160366	9.788624	4.1091475	14.189442	10.407575	-0.3912018	2.2955747	-2.045591	-6.262869
SRR11006747	2.814518	4.436231	-0.57499236	6.885348	7.840817	3.2157023	14.25714	10.957568	-0.3229484	1.7998866	-2.045591	-6.262869
SRR11006748	2.2095847	5.054529	-0.7460059	7.5887046	8.282772	4.251652	14.149743	10.142609	-0.9203935	3.3909209	-9.543355	2.9653924
SRR11006749	2.6227698	5.029575	-1.5339508	6.087837	11.123538	6.0489593	12.829164	10.592091	-0.29521614	2.4539404	0.3573072	-3.6587281
SRR11006750	9.507485	3.7526708	3.5394862	-0.9427673	11.516237	3.2802453	9.707821	8.333839	-2.720268	6.510593	-10.249215	2.5310445
SRR11006751	1.6966155	5.7955303	-1.7021543	5.627989	10.519281	5.9445953	12.606452	11.521829	-1.2775342	2.445739	0.4261689	-3.9889822
SRR11006752	2.0896752	5.77053	-1.8963993	6.878198	10.741781	5.878623	13.873071	9.847716	0.078021854	3.7287712	0.5618269	-3.973065
SRR11006753	3.02563	5.372809	-1.4679095	5.9652014	10.677889	6.3674684	10.634591	5.7668667	-1.6062208	5.0890746	-1.9183466	-6.1132693
SRR11006754	2.2710986	5.342475	-1.7057487	5.534214	8.58163	4.8982525	12.859785	10.491498	-1.1855515	3.9753065	0.2988613	-3.5782356
SRR11006755	2.699251	4.578261	-1.6746843	6.2212515	10.644537	5.0104117	11.188236	6.3213816	-0.3020619	4.478549	-9.116202	2.1481333
SRR11006756	2.9640362	5.314272	0.012889163	6.7440395	10.971756	6.1330104	12.818696	10.434409	-0.27171516	4.3155	-14.1930485	1.2107558
SRR11006757	3.1947296	5.167764	-1.4197406	5.545493	10.158962	5.677652	13.529128	9.01653	0.0867512	3.800235	-2.045591	-6.262869
SRR11006758	3.1848352	5.1922026	-0.044829905	8.416642	10.545246	5.801643	10.181794	6.4301953	-0.034896646	3.998348	-2.045591	-6.262869
SRR11006759	3.0719645	5.36872	-1.1173154	6.594115	11.261488	6.244048	11.71612	8.710519	0.4520123	6.144327	0.3573072	-3.6587281
SRR11006760	1.7750854	5.0437284	-1.4009848	7.326113	8.205652	3.4389029	12.884103	10.913677	-0.8249382	1.1164461	-14.238666	1.1501577
SRR11006762	2.4794946	4.973431	-1.6561728	6.465143	10.997691	5.6980577	12.709458	10.888406	-0.3413703	4.380527	-14.050689	0.9203534
SRR11006763	2.4267373	4.944868	-1.600127	5.8947244	11.506397	6.299836	14.557955	11.081038	0.41801992	1.6080594	0.3573072	-3.6587281
SRR11006765	1.632316	5.66103	-1.7681968	6.1147943	10.128999	5.715256	13.82031	11.533835	-1.1412166	2.4552774	0.4261689	-3.9889822
SRR11006766	1.7627107	5.7888994	-1.2562714	6.7598615	9.654158	5.39865	12.891222	10.554744	-0.031989645	3.7915704	0.3735484	-3.9712098
SRR11006767	2.7707617	4.457952	-0.8049072	6.4599147	8.92582	5.394956	12.876298	10.506141	-1.1813468	3.9491546	-9.116202	2.1481333
SRR11006768	2.3493135	5.661135	-1.4040637	5.6840343	8.6250515	4.8087187	10.518481	6.052758	-0.8971585	4.311819	0.3735484	-3.9712098
SRR11006769	3.087181	5.306887	-1.7929218	6.106429	14.057695	7.2020626	14.510909	11.245224	-0.000284792	4.0808787	-2.045591	-6.262869
SRR11006770	1.5779245	4.9442387	-1.3965489	5.9303193	10.694809	5.963323	12.1350765	7.0315976	-0.7560513	4.2582636	-1.889596	-6.0802183
SRR11006771	1.4340172	5.756211	-0.5544136	7.4843035	8.019401	3.0818176	12.351663	11.770871	-1.5451387	2.1237206	0.5618269	-3.973065
SRR11006772	9.889433	3.8639169	4.076081	0.38306397	11.877498	3.0117629	9.095044	8.166113	-2.5650866	5.913515	-9.896124	2.0909631
SRR11006773	1.1640173	5.0764546	-0.36449826	7.4984245	8.206573	4.36205	14.298882	10.707804	-2.1007144	2.449579	-11.150478	1.3327498
SRR11006774	2.603121	4.7322254	0.12284191	6.9985447	8.365315	5.41211	14.327445	10.339391	-0.46592182	2.187744	-13.777311	1.2023891
SRR11006775	2.3764489	5.3111215	0.12536056	7.352265	8.157425	3.0026827	14.045646	9.976355	-1.1624986	3.957588	-2.045591	-6.262869
SRR11006776	2.0991864	5.3535805	-1.2709506	6.919399	8.354668	4.1729503	14.231468	10.425158	-0.48012006	2.1154635	0.3573072	-3.6587281
SRR11006777	1.3464313	5.294031	-1.3136514	6.636807	9.919286	4.197407	13.277342	7.155023	-2.013751	1.8990086	-14.380974	1.1654885
SRR11006778	0.7905588	4.554461	-0.9286026	7.094217	7.9808187	3.1054482	13.756203	11.43519	-1.5270802	2.874095	-13.622829	0.7115943
SRR11006779	2.4594076	4.1578593	-0.40004566	7.586798	9.229791	4.773221	13.632738	11.377174	-0.85096246	4.1289334	-14.1930485	1.2107558
SRR11006780	2.1764832	4.710698	0.6650461	5.7844586	9.181409	4.778754	13.622111	10.039872	0.32391107	1.8551289	-2.045591	-6.262869
SRR11006781	2.05622	3.9748085	-0.53705925	8.227742	10.757709	5.5417595	12.78499	10.975285	-0.20466636	1.5681096	-1.9494686	-6.0288386
SRR11006782	1.8432615	4.2130747	-0.6877122	6.8832173	8.382021	5.3494573	13.72403	11.823699	-2.008009	1.9670551	-2.045591	-6.262869
SRR11006783	9.381849	3.441836	3.988485	0.6913749	11.646569	2.5206485	11.96047	5.920494	-2.4446917	6.765603	17.469427	5.2004914
SRR11006784	1.4856309	4.9879823	0.0643814	7.046046	7.9902043	4.8676653	14.388176	10.811489	-1.4391215	1.7520138	-14.238666	1.1501577
SRR11006785	1.4325984	4.6796393	0.12063947	7.472569	7.8871455	3.8557484	13.63125	10.359543	-1.1894085	1.9403698	-13.682	0.6288688
SRR11006786	9.618519	3.922576	3.8477023	0.6142552	11.176225	2.8372474	9.5021	8.384507	-1.5583456	6.4692693	-8.061266	-0.5591806
SRR11006787	2.805036	5.6826572	0.230057	5.7308626	8.947607	4.0889044	13.832588	10.193769	-1.2714659	3.835583	-5.092942	4.0657945
SRR11006788	2.220286	4.98782	0.6004936	5.6349535	12.480828	6.6172338	12.01159	10.887631	0.4603778	1.5679162	-10.303856	2.3382242
SRR11006789	9.657507	3.5787635	3.5814173	0.16561683	11.609849	3.1539629	9.427673	8.122543	-2.5013978	6.0085053	-9.682661	2.1051247
SRR11006791	2.4584336	6.0214005	0.38870516	6.2091775	10.128848	5.720027	13.20816	11.041975	-2.1091037	1.7831671	-5.092942	4.0657945
SRR11006792	2.1377084	6.400961	-0.0077785477	7.0224752	8.796008	2.8823445	8.940136	7.99405	-1.323791	3.128577	-5.092942	4.0657945
SRR11006794	2.2022278	6.3783617	-0.6690521	6.8154874	8.777213	2.8324962	12.015848	10.903718	-1.4568408	1.9532907	-10.153482	1.6957157
SRR11006795	2.3125548	6.0086775	0.7746571	5.6531177	10.595057	6.0438347	13.295045	7.015516	0.18447834	1.3942561	-5.092942	4.0657945
SRR11006796	2.178506	6.2391434	0.15180118	5.2590494	9.209156	2.7847042	13.010632	10.602906	-1.724396	2.251631	-5.092942	4.0657945
SRR11006797	2.480892	6.499491	0.39496553	5.9798164	9.246559	3.5224702	11.963907	10.555329	-1.3009957	1.2234379	-10.153482	1.6957157
SRR11006798	1.912571	6.5191693	-0.3394618	7.180147	8.284901	3.84429	13.0140085	10.172041	0.0891174	2.9500537	-5.092942	4.0657945
SRR11006799	2.639864	6.0271516	-0.010773094	5.312205	9.896098	5.4932137	13.126536	11.038293	-1.3204591	4.296296	-5.092942	4.0657945
SRR11006800	9.046593	3.621049	3.5558472	0.111081265	11.748283	2.8198333	10.189319	6.3735504	-2.1753356	6.721132	-9.664657	2.202064
SRR11006801	2.0830026	6.439776	0.60531163	5.70208	8.933004	3.3031487	12.035539	10.88676	-1.95236	4.5380883	-5.026403	4.0257497
SRR11006802	2.0055215	6.5116725	-0.15315594	6.693291	8.887887	2.977872	11.959984	9.470074	-0.06344084	3.3091698	-10.153482	1.6957157
SRR11006803	2.0475392	6.5380864	0.6822071	5.8208284	9.064358	2.7906501	12.081497	10.920118	-1.8453002	3.6395173	-5.092942	4.0657945
SRR11006804	1.9540099	6.0059767	0.03670647	5.5194106	8.683446	3.5964444	10.5679245	7.549337	-1.3559564	1.2640913	-5.177074	4.1612554
SRR11006805	2.273677	6.3145156	0.9213352	5.6859164	8.993208	2.7924316	13.380291	10.323668	-1.3270148	1.3528986	-5.216122	4.120754
SRR11006806	2.105704	6.495355	0.7134906	5.9168754	9.108603	2.5218968	12.472834	9.064753	0.061838895	4.218998	-5.1502786	4.167514
SRR11006807	1.6789678	6.3563004	0.86208946	5.6652784	8.795409	2.6863694	13.473522	10.094131	0.35587224	2.317893	-5.092942	4.0657945
SRR11006808	0.8636712	4.7262235	-1.4276571	7.378973	8.647346	2.6868284	12.793289	9.30628	-1.996764	2.59777	-5.0644555	4.028939
SRR11006809	2.2310991	6.2795873	0.9953592	5.702694	8.603065	3.9637544	13.091921	8.995645	-1.3673018	1.2735475	-5.178163	4.171487
SRR11006810	2.274006	6.41165	0.82677794	5.784925	9.116055	2.6195214	12.072819	9.6856365	-1.7921019	3.8949702	-4.972952	3.9114485
SRR11006812	1.7990403	6.5334473	0.6922891	5.6541986	8.971127	2.770038	13.370358	8.989086	0.103747055	2.9037006	-5.092942	4.0657945
SRR11006813	2.576441	5.468403	0.649683	5.956651	9.384503	5.055694	11.889113	10.449687	-0.1561348	2.8162978	-10.199094	2.6819978
SRR11006814	1.7627608	6.5132623	0.67433053	5.640386	8.842437	2.8748276	13.370585	8.957975	-0.0016382048	2.853736	-5.092942	4.0657945
SRR11006815	1.3226013	5.2935343	0.8789765	5.705415	9.094691	2.5943701	11.227074	9.367978	0.26333737	2.178558	-10.223245	2.6573584
SRR11006816	2.1641872	6.506283	0.95622385	5.7414565	9.438475	4.0362687	12.053151	10.857327	0.29457906	4.1445556	-5.276493	4.182027
SRR11006817	1.8192556	6.530499	0.4017616	5.398094	8.906564	2.8501353	11.976224	10.950042	-0.11807752	2.7124727	-5.092942	4.0657945
SRR11006818	1.7888052	4.957983	0.8655962	5.7313395	9.01461	2.8342018	11.127527	8.591943	-1.840782	2.111764	-5.2689676	4.146031
SRR11006819	2.2971103	6.3975887	0.7645523	5.6600523	8.954311	3.1868203	11.729049	10.369235	0.11783919	3.2622142	-5.092942	4.0657945
SRR11006820	2.971595	5.850391	0.40765652	5.3648734	7.600716	4.486719	11.832694	10.075817	-1.6659075	3.0156753	-5.092942	4.0657945
SRR11006821	2.8253665	5.916775	0.09181149	5.354365	9.849124	3.7380204	13.83988	11.829282	-1.2868747	3.2018185	-5.092942	4.0657945
SRR11006822	10.172045	3.6079478	3.861821	0.4577201	11.636753	3.860447	9.043921	7.5381794	-2.7636867	6.7615843	-9.266406	1.980636
SRR11006824	2.867286	6.0001154	0.52130824	5.356682	9.861702	3.701148	13.039392	11.233356	-1.5413519	4.623438	-5.239096	4.2230206
SRR11006825	2.806265	6.041859	0.22458045	5.6783834	8.811205	2.9009562	11.491274	9.714422	-1.3730403	4.3541393	-5.1138244	4.1735096
SRR11006826	2.733774	6.3111486	-0.9265466	6.1781597	9.890517	3.647955	12.32421	11.781444	-1.3413086	2.6449492	-5.276493	4.182027
SRR11006827	2.374907	5.992291	-0.4778788	6.696	8.600451	3.1395855	11.417873	9.646471	-0.8004261	1.6091833	-5.092942	4.0657945
SRR11006828	2.3675632	6.3633313	0.44454846	6.246228	9.425438	3.557588	9.620089	8.752831	-1.3675424	2.465312	-5.092942	4.0657945
SRR11006829	1.3696284	3.6913793	0.54101354	5.371093	9.26534	2.739134	13.354045	10.371985	-0.959559	1.4866669	-5.092942	4.0657945
SRR11006830	2.8707306	5.9919095	-0.14987679	6.4297686	8.366504	3.9667056	13.780126	10.928621	-1.7429948	4.7511854	-5.092942	4.0657945
SRR11006831	2.2085457	6.22229	0.0574146	5.3461695	7.830296	3.8276153	12.046736	10.923798	-1.5203617	3.6151624	-5.092942	4.0657945
SRR11006832	2.7396812	6.1455092	0.5402073	7.3962855	9.886567	3.5911074	11.835539	9.899672	-1.6015819	3.1805136	-5.182039	4.1203256
SRR11006833	10.165592	3.8173327	3.9214902	-0.1495712	11.962315	4.106158	10.997421	9.288193	-2.6198018	6.546405	-9.525386	2.9898012
SRR11006834	1.3504136	3.7158043	0.4974324	5.355819	9.111113	2.7249181	13.166403	10.768565	-0.9562791	1.4854977	-5.0492635	4.064588
SRR11006835	12.317991	4.417339	4.3522754	-5.226734	11.795755	6.421804	11.83121	6.627823	1.2326094	7.8244433	-10.868599	0.37236634
SRR11006836	11.283378	4.1106825	4.2215014	-5.155402	11.904885	6.1903386	10.523418	7.3994656	0.22027798	5.2874	-11.255169	-0.36629537
SRR11006837	11.284022	4.1023836	4.3212237	-5.15453	12.110583	6.8410087	10.766226	7.496082	-2.1634052	6.612812	-10.868599	0.37236634
SRR11006838	11.742563	4.4012866	4.140797	-5.2093916	11.962039	6.7254333	9.766197	7.017141	-1.8895332	7.1868224	-14.380974	1.1654885
SRR11006839	11.523517	4.0653534	4.4661174	-5.6548204	11.80824	6.466757	11.791994	6.5133543	1.1434784	6.489015	-10.868599	0.37236634
SRR11006840	11.534663	4.096282	4.3152537	-5.1967325	12.254322	6.5487876	10.957167	5.5838976	1.3518046	6.4542365	-14.380974	1.1654885
SRR11006841	11.998236	4.14954	4.4879327	-6.1457376	12.449214	6.5728703	11.762997	5.7713084	0.15320043	5.2178264	-9.466805	-0.4718057
SRR11006842	11.477192	4.1699643	4.356102	-5.142333	11.545232	6.2954006	10.485393	7.3078165	1.4198747	6.6835923	-13.562847	1.1836029
SRR11006843	11.377102	4.098913	4.3065915	-5.2171297	12.09381	6.874691	11.842019	6.1049547	1.3086823	6.51653	-11.479099	-0.42334843
SRR11006844	8.993432	3.511485	3.8422103	0.09840645	11.831618	3.5597923	9.933022	6.8370185	-2.3290656	6.766105	-9.234327	2.0278387
SRR11006845	12.961839	4.697006	4.975868	-2.7234666	13.134052	7.5329213	12.350447	5.975202	0.58356017	8.428944	-10.518024	0.8316937
SRR11006847	11.345812	4.1189594	4.3410892	-5.154678	11.892829	6.328081	10.342452	7.4425645	1.4017962	7.4947243	-10.868599	0.37236634
SRR11006848	11.289001	4.078273	4.2584486	-5.1757226	12.092114	6.8708687	11.180613	6.2907844	1.4328393	6.6158357	-10.947684	-0.15868916
SRR11006850	11.288446	4.1044135	4.1808476	-5.222381	11.959829	6.74004	10.926719	7.437492	1.371	6.473855	-11.3820305	-0.4530037
SRR11006851	11.212511	4.0927052	4.2672114	-5.159321	11.660167	6.22824	10.642851	7.593244	1.3768183	6.4919615	-11.4667225	-0.49898186
SRR11006852	11.469675	4.088887	4.195632	-5.176058	11.901455	6.633081	11.080488	5.609346	1.1103916	8.011202	-10.5365925	0.36498347
SRR11006853	11.4203205	4.111424	4.2027063	-5.1649423	12.079765	6.819099	11.028377	5.5822577	0.94914806	8.0622015	-12.820346	0.8149433
SRR11006854	12.445685	4.3057294	4.3504543	-5.1756225	11.709795	6.4946094	10.25799	7.0586624	1.1213281	7.990921	-10.868599	0.37236634
SRR11006855	10.043833	3.4561281	4.0204415	0.46987206	11.720356	2.640076	8.893054	7.638238	-2.3948042	6.5408115	-10.328322	2.4130075
SRR11006856	12.783174	4.486974	3.9962833	-2.9518015	11.748941	6.3456254	10.899289	5.412648	0.29956478	7.7214866	-10.531812	0.85725516
SRR11006857	9.246473	3.9263885	4.122927	-0.046009555	11.527404	2.4392695	9.319544	8.370922	-2.824958	6.9461756	-9.020065	2.884738
SRR11006858	9.319032	4.3034153	4.011829	0.5877117	12.187809	3.2515452	9.561674	8.355791	-1.7575922	6.8952484	-9.143342	2.7615159
SRR11006859	9.574919	4.1364427	3.721701	0.65847665	11.52097	3.1533327	9.502418	8.267506	-2.6211507	6.3117256	-10.304637	1.5830816
SRR11006860	9.492033	3.8304417	3.870384	0.19443035	10.974314	3.1066768	10.08457	6.5570836	-3.0054402	6.6840067	17.46519	5.2046924
SRR11006861	9.5173235	3.8780534	4.0340075	0.72512794	11.723476	3.422528	9.801106	8.36504	-2.3866544	7.5234118	-11.79019	1.0237957
SRR11006862	9.154731	4.035912	4.2634096	0.24338266	11.435522	3.5950682	9.200692	8.610736	-2.4997804	6.7381015	-10.938379	2.1805315
SRR11006863	3.7866545	3.8688445	0.98865473	6.559187	10.077153	3.0438585	10.734649	10.197723	-2.0061455	4.792812	-9.344083	2.57315
SRR11006864	3.8078976	3.9056954	0.8806566	6.479435	10.061255	3.094952	12.345739	11.675283	-1.9892566	4.76483	-9.344083	2.57315
SRR11006865	3.818844	3.8293204	0.9761071	6.550707	10.097383	3.0236971	10.750214	10.224027	-1.9990208	4.7259727	-9.344083	2.57315
SRR11006866	3.7846706	3.8674283	0.9615453	6.587748	10.05026	3.0510612	10.744391	10.155086	-1.9929023	3.5580904	-9.344083	2.57315
SRR11006867	12.909414	4.8228693	4.205908	-2.8409705	10.719692	6.6088843	10.82224	5.489178	0.77637	8.474324	-10.034528	0.65172255
SRR11006868	3.7825909	3.8745446	0.8378539	6.664249	10.07912	3.0352125	12.324614	11.6882	-1.9707528	2.902735	-9.344083	2.57315
SRR11006869	2.5006506	4.9353194	0.14602484	6.7510295	7.624656	4.2171693	14.231725	10.866481	-0.6329652	3.6520817	-12.680866	0.6739185
SRR11006870	1.9880184	4.2778525	-0.3699089	6.7244577	9.357712	4.2287474	13.996348	11.767719	-0.82433176	1.5474114	-9.84387	1.4150913
SRR11006871	2.792291	4.5130577	-0.551036	7.961873	9.320575	4.1596375	13.392519	9.437226	-0.70788133	2.1663094	-9.203876	2.0339565
SRR11006872	1.5244993	4.672096	0.3897239	6.9095592	7.6722813	4.4759407	12.7690115	11.234612	0.22708839	1.9810157	-9.3377285	3.1356475
SRR11006873	2.6018627	4.427087	0.13632055	6.900547	9.2751875	4.108547	14.072557	8.976394	-0.77936447	2.220773	-12.907768	0.95689934
SRR11006874	2.4284322	4.9645658	-0.20372763	7.1114016	7.600822	4.180227	13.503169	8.872927	0.32220006	1.8807875	-9.837662	1.3835922
SRR11006875	1.4856092	3.9159472	-0.68259686	8.365165	7.8512807	3.2096083	13.52185	10.39701	-0.10802869	2.224184	-13.236098	1.0817821
SRR11006877	1.7247123	3.8017914	-0.6453647	8.358125	7.5326705	5.0967607	13.974727	11.766362	-0.16542967	1.5795587	-12.805627	0.9004664
SRR11006878	12.765773	4.8132734	4.8006225	-3.0552948	10.964477	6.5370555	10.649034	5.4555454	0.46430996	8.371424	-10.531812	0.85725516
SRR11006879	1.7471669	3.8168898	-0.61507875	8.2092	7.5207257	5.1052113	13.946697	11.790076	-0.2883916	1.395148	-12.991463	0.9338
SRR11006880	1.7219924	3.9195206	-0.64810276	8.332822	7.543011	5.105329	13.98221	11.642691	-0.07584649	1.7165302	-13.082742	0.46987438
SRR11006881	1.0197934	4.362109	0.109080344	6.278564	8.293848	2.6269088	13.0794735	11.003022	-0.9733127	1.5383079	-11.693343	1.8269593
SRR11006882	0.8593185	5.3628755	-0.60580266	8.444884	8.280355	2.6832407	14.102284	9.326296	-1.6011729	2.03002	0.3573072	-3.6587281
SRR11006883	1.9260563	4.1221566	-0.6372877	7.576434	11.560068	3.7246213	12.504919	9.970145	-1.9383308	2.7703052	0.3794875	-3.6902294
SRR11006884	1.0997	5.3376827	-0.52574223	8.410827	8.1574	4.482131	13.813373	10.135394	-1.575401	1.9780558	0.3573072	-3.6587281
SRR11006885	9.977343	3.2891362	-0.31440026	6.367262	9.457845	5.4062996	8.95933	7.5727253	-1.4027573	4.1337633	-10.491412	2.2210536
SRR11006887	0.97018	4.4208016	0.062467698	7.219151	9.565654	4.919529	13.508959	10.510815	0.06456408	1.9822352	-9.493775	2.4305618
SRR11006888	0.57729024	5.4366436	0.39418042	6.7953568	11.626612	3.9858437	13.344046	8.74087	-1.41612	1.9057779	-10.491412	2.2210536
SRR11006889	13.078526	5.0435433	4.375716	-2.581191	12.566499	7.325333	10.457513	5.3039427	0.6138093	8.93444	-10.5668545	0.8959113
SRR11006890	3.1126044	3.9303324	0.6173977	7.827289	10.440093	4.0559306	12.424302	10.606285	0.23223247	1.451188	-9.493775	2.4305618
SRR11006891	3.1368804	3.9389043	0.65557575	7.6795616	10.429516	4.032895	12.390033	10.597736	-0.39294493	2.9966772	-9.493775	2.4305618
SRR11006892	3.1249254	3.936049	0.6910823	7.666341	10.464582	4.0181694	12.430859	10.158003	-0.7252641	2.6652741	-9.493775	2.4305618
SRR11006893	3.1029403	4.024463	0.68202657	7.6134334	9.168956	3.3994474	12.41673	10.145202	-0.6751575	3.1755667	-9.493775	2.4305618
SRR11006894	3.6937265	4.777072	-0.060513284	6.0735564	9.683765	3.0230992	14.049155	8.958095	-2.121325	5.501354	-14.349665	0.9212473
SRR11006895	3.6851354	4.7635636	-0.0032935948	6.084949	9.388099	3.739041	14.077272	9.150146	-2.062549	5.3448052	-14.349665	0.9212473
SRR11006896	3.6769936	4.8081465	-0.0840403	6.055093	9.682712	2.999233	14.070225	9.1287985	-2.0341063	5.308421	-14.349665	0.9212473
SRR11006897	3.7023034	4.774327	-0.0037924778	6.0564666	9.690117	2.9871666	14.140179	8.997293	-2.0387957	5.314904	-14.349665	0.9212473
SRR11006898	1.5776864	4.4752483	0.052672405	7.037608	9.80867	4.557761	12.683134	10.667437	0.13441078	3.2462313	-14.328919	1.1372597
SRR11006899	2.5617442	5.5336146	0.54133207	7.5359125	8.506043	3.3952332	14.309377	10.346367	-0.6994265	3.1854267	-14.1930485	1.2107558
SRR11006900	13.086943	4.9766006	4.30396	-2.87597	12.744011	6.9451203	10.479108	5.473702	0.630211	8.477641	-10.531812	0.85725516
SRR11006901	0.6807545	5.3344812	0.5440696	6.1939883	11.204983	3.4552522	11.153278	9.075404	-1.9416723	2.0348194	0.3561242	-3.9096565
SRR11006902	3.1314647	3.953252	0.6792045	7.57638	10.453667	4.0255265	12.356853	10.61842	-0.6705531	3.2099388	-9.493775	2.4305618
SRR11006903	1.6866814	5.197459	-1.1408421	6.197187	8.510826	4.177993	13.774339	11.431526	0.1228804	3.2335057	-10.008543	1.2384846
SRR11006904	2.9929838	4.6608543	0.11769017	6.369076	9.266952	3.5379546	13.290948	8.866759	-1.3458285	2.9832096	-8.962473	3.061315
SRR11006905	3.168542	3.9185548	-0.76962835	7.4821134	10.665061	3.8339307	12.548507	11.289916	-0.40391394	3.6533332	-8.962473	3.061315
SRR11006906	2.9370213	4.684837	0.31761247	7.0992994	9.039544	4.362493	13.450104	9.52912	-1.6589271	5.150846	-13.723215	0.57850116
SRR11006907	2.7459822	4.012305	-1.1266268	5.973533	8.58592	5.322787	9.23403	8.759144	-1.8121452	3.2549186	-8.135316	-0.54035276
SRR11006908	2.789803	3.9800842	-1.2876554	5.9817257	8.661408	5.490645	10.327167	8.886068	-1.8230774	3.2095377	-8.135316	-0.54035276
SRR11006909	10.284612	3.6896133	-1.1464676	7.295283	11.506243	3.905279	12.142664	10.645713	0.11985651	3.2185082	-8.397987	-0.54092056
SRR11006910	3.3961377	4.4007487	3.5290253	-0.44712502	10.306788	3.1743143	9.178718	8.634867	-0.27668527	1.2208374	-8.724181	-0.08086107
SRR11006911	13.281693	5.059413	4.0442653	-3.053593	14.141392	7.0829134	10.346516	5.4357605	0.48075786	8.469361	-10.581066	0.9069523
SRR11006912	3.351374	4.4360914	0.74805236	6.0268283	10.596735	3.202173	13.195518	9.609997	0.28848305	1.4512721	-8.748203	-0.017414879
SRR11006913	3.3908887	4.4392257	0.6519702	7.363796	10.704956	2.923417	12.130653	10.143889	-0.77495587	1.3570797	-8.754641	-0.02939912
SRR11006914	1.448552	3.8351178	0.7911855	6.3093853	8.535767	3.3844693	13.800872	11.439708	0.32539684	1.5359327	-14.1930485	1.2107558
SRR11006915	0.65625656	5.167063	0.34065378	7.034719	7.5801406	3.1479547	13.538306	8.8532505	-1.9574625	1.390608	-13.612718	0.68981564
SRR11006916	1.9477755	3.741982	0.10821859	6.083261	9.199776	3.615793	13.689908	11.912078	0.08225738	1.4333087	-9.674493	1.5509027
SRR11006917	1.3613374	3.830495	0.76734036	6.577872	7.9611874	3.1906624	13.545574	11.8298	-0.5006972	1.4726388	-13.662935	1.1076255
SRR11006918	0.7024865	5.2718453	0.36671108	7.091115	7.652768	3.272554	13.451636	11.869326	-1.9178686	1.4358201	-13.149194	0.9158242
SRR11006919	1.09195	4.1132145	-0.8401222	7.5512457	8.178221	2.64084	14.143992	11.028504	-0.9144711	1.8932246	0.32317832	-3.5649168
SRR11006920	1.1397123	4.032012	-0.2096696	7.4858475	8.069814	2.6996338	13.547956	11.518952	-1.5948734	5.1662064	0.32317832	-3.5649168
SRR11006921	0.78585553	5.2363243	0.3128151	7.0750537	7.595294	3.2264547	13.460961	8.876493	-2.1331313	1.8143991	-13.612718	0.68981564
SRR11006922	13.1691265	4.9834003	4.300987	-2.873423	13.517568	7.349812	10.459013	5.3106656	0.65492725	8.593546	-10.531812	0.85725516
SRR11006923	0.684993	5.129667	0.22668613	6.9852166	7.6117125	3.1244073	13.5276165	8.9335165	-2.0692315	1.6983435	-13.4212675	0.9536832
SRR11006924	2.044185	3.7931104	0.36418107	7.24026	9.181558	4.2515388	12.494619	11.0542145	-0.098760724	1.1441538	-13.88819	1.1597673
SRR11006925	2.042525	3.7843623	0.32908604	7.2360153	9.204242	4.149572	13.403182	11.860318	-0.076556385	1.1492704	-13.344253	0.7098123
SRR11006926	1.9925423	3.8362913	0.34118474	7.2045765	9.08793	4.463731	13.413246	11.81926	-0.051900003	1.1577199	-13.88819	1.1597673
SRR11006927	1.7627616	3.9737027	0.8221768	6.3784885	8.6367855	3.5310254	13.519238	11.852319	0.22212777	1.4883984	-14.1930485	1.2107558
SRR11006928	1.9437634	3.7444782	0.27424318	6.1811976	9.130001	3.6005526	13.661655	11.764252	0.07562455	1.3797462	-9.692879	1.5823933
SRR11006929	9.701658	4.2083373	3.536372	0.14989959	11.951664	2.9849024	9.22026	8.652346	-2.364143	6.6908975	17.465624	5.2042594
SRR11006930	9.676192	4.1412334	3.4221528	0.46436852	11.90784	3.0514207	9.275275	8.384799	-2.3896744	6.8848214	-10.210443	2.570296
SRR11006931	9.125925	3.7338502	3.937302	0.6477807	12.2832775	3.1173325	9.736685	6.966167	-3.0661154	6.69472	17.46519	5.2046924
SRR11006932	9.129899	3.8702517	4.0513434	0.08779054	11.683301	2.5678596	9.00243	8.182865	-2.1023748	7.220246	17.46519	5.2046924
SRR11006933	12.7087965	5.2185144	4.3906045	-2.569179	11.701446	7.12081	10.2067175	5.835569	0.8313255	8.665803	-10.61954	0.9186167
SRR11006934	9.036911	3.646885	3.924447	0.62229455	12.157023	2.9870806	9.699767	6.911503	-2.1890984	6.194783	17.46519	5.2046924
SRR11006935	9.802709	4.237797	3.9634917	0.49185956	12.227455	2.594157	8.979295	7.995399	-2.261328	6.700626	-10.567226	2.4659634
SRR11006936	9.018681	4.326914	3.9059765	0.22572567	11.3810425	2.96045	9.229523	8.439651	-1.8807385	6.185353	-9.15459	2.7375937
SRR11006938	9.296347	3.6057198	3.7055793	0.6634136	11.875025	2.732374	9.633894	8.493833	-1.376335	2.9673417	17.464025	5.205851
SRR11006939	9.393901	3.6528525	4.0504675	0.43659154	12.11867	3.2620382	10.104281	6.7719593	-2.2473788	5.9477067	-11.767626	0.9236434
SRR11006940	9.913719	3.7872808	3.7367353	-0.51609576	11.7931	3.047183	11.802804	6.101016	-1.5518534	4.6733847	-10.2280655	2.722247
SRR11006941	9.216981	3.8987522	3.449162	-0.76107746	11.231211	2.8694475	9.506402	8.1740885	-2.3235865	7.535166	17.464025	5.205851
SRR11006942	9.463486	3.9229982	3.879426	0.83497334	11.328201	2.6722786	9.058938	8.086383	-2.7029662	6.6362567	-7.9076853	-0.6125269
SRR11006943	9.696303	3.964802	3.8734074	0.7169939	11.663557	3.4732163	9.260782	8.33992	-1.8586421	6.729173	-9.069145	2.8814256
SRR11006944	12.625842	4.928064	4.6463265	-2.9923043	11.19311	6.762754	10.332741	5.590934	0.8471305	8.4860935	-10.034528	0.65172255
SRR11006945	9.725293	4.261019	3.7412317	0.61056983	12.067683	2.6432948	9.195937	8.73627	-2.2076993	6.6821146	-10.595058	1.7306395
SRR11006946	9.371438	4.2438335	4.0974183	0.1277351	12.259511	3.1942258	9.301912	7.8120713	-2.399842	6.8131065	-9.823718	1.3523595
SRR11006947	9.695917	4.096599	4.044429	0.18441756	11.861052	3.5076215	9.206348	8.304632	-2.3938324	6.701087	-7.949251	-0.6377834
SRR11006948	9.963086	3.9398072	4.134476	0.5923482	11.81293	3.9051082	9.36431	8.756785	-2.1834977	6.9061007	-8.840615	0.2996687
SRR11006949	9.624294	3.6984673	3.745493	0.5001779	11.795242	2.5635984	9.631639	8.350795	-2.8471153	6.744959	-7.837303	-0.65246016
SRR11006950	9.656221	3.548227	3.5744452	0.08334042	11.786816	3.6609197	9.300704	8.447996	-1.8696262	6.093151	-9.001162	2.9316082
SRR11006951	9.019496	4.174908	3.6181374	-0.61290604	11.825706	3.5559466	11.786409	5.9931636	-2.1193073	5.502297	-9.414764	2.3463006
SRR11006952	9.016938	4.1676145	3.92864	0.09654784	10.826312	5.8206787	11.780565	5.9918613	-2.2311082	6.632087	-9.086336	3.0450876
SRR11006953	9.227012	4.015436	3.5072227	0.29371336	11.50307	2.571528	9.740596	6.8787413	0.40983275	9.181829	17.465117	5.2047634
SRR11006954	9.607236	4.07616	3.7642303	1.0920913	12.25716	3.3328805	9.414079	8.06321	-2.3664584	6.459816	-10.598223	1.7580737
SRR11006955	12.970265	4.8889966	4.9109664	-3.0281727	12.921325	7.162655	10.585699	5.3565693	0.6455283	8.436718	-10.531812	0.85725516
SRR11006956	13.093576	5.003419	4.3036475	-2.8925252	12.733705	6.9696007	10.482334	5.2786226	0.6612558	8.504549	-10.531812	0.85725516
SRR11006957	13.015003	4.6760554	3.7793665	-2.8593464	13.173029	7.531398	13.069087	7.1118693	0.3547543	8.52851	-10.531812	0.85725516
SRR11100104	13.040713	2.8632748	4.12571	-6.414028	14.092403	7.1145782	12.814113	7.800386	-0.20759334	8.542666	-10.195865	-1.174929
SRR11100105	13.275839	3.8478575	4.267941	-6.5198717	13.895341	6.892399	12.77962	7.6634884	0.81155133	7.980992	-9.743627	-1.7078717
SRR11100109	12.522836	3.2019293	4.0023813	-5.3792276	12.609296	6.9377546	11.857576	7.5548763	0.7160977	6.12197	-10.658244	-0.7666274
SRR11100110	12.368811	3.1917262	3.5510435	-5.6528916	11.846421	6.1105924	12.060495	7.638319	0.7074206	6.127309	-10.507601	-0.7380517
SRR11100111	12.1765175	3.4107404	2.4220393	-5.43522	12.062083	5.6076117	11.781489	8.385042	0.56906426	6.3167253	-10.4135065	-1.0975497
SRR11100112	12.793231	2.8624063	3.4525592	-5.9210334	12.502551	6.3552833	12.784706	7.696091	1.5023285	7.2922773	-10.885144	-1.0773311
SRR11100113	13.301737	3.686944	2.0953887	-5.705092	14.109732	7.1769958	10.455692	8.43954	-2.173645	6.585641	-11.006167	-0.97534883
SRR11100115	13.073639	2.8758073	3.2974598	-5.4623184	14.044645	7.153774	12.734627	7.4588594	0.25300002	5.6311874	-9.600357	-0.72215116
SRR11100119	12.99586	2.8269553	2.3494518	-5.881535	14.005913	7.270065	12.6807575	7.244661	1.1405575	6.4877377	-10.304615	-0.963404
SRR11100120	13.390994	3.369791	3.4392087	-5.4448004	11.432114	5.8572345	12.197217	8.911471	0.597941	7.6715217	-10.828953	-0.009988987
SRR11100121	12.835921	3.0505228	3.38198	-5.6248584	12.852587	5.6015134	12.9333	9.137542	0.6671144	6.882237	-10.551875	-0.8420952
SRR11100122	12.071677	2.9835827	2.8501656	-5.7011995	11.893267	5.2656097	12.203531	5.5113564	-0.6970761	6.047865	-10.054621	-1.5271816
SRR11100125	13.293173	3.419712	4.3941255	-5.9470916	11.05316	6.051476	13.326754	8.818322	0.24866346	7.7795353	-9.79229	-1.5689723
SRR11100126	12.931784	3.5472488	2.4419534	-5.1773615	11.261337	6.6149926	13.22602	6.299453	1.2690289	7.175667	-11.144136	-1.212554
SRR11100127	12.627533	3.3656425	3.2900956	-1.9441366	11.614562	5.7728214	11.767145	7.2894807	0.2684367	6.1727877	-10.10938	-0.996492
SRR11100128	13.084817	3.124118	4.475936	-6.834173	10.642559	7.1324983	13.386057	8.761776	-1.2365657	2.8087537	-10.167362	-1.1408645
SRR11100129	13.32358	4.000469	4.5030556	-6.8127656	14.087491	7.1252217	14.231472	9.098074	-0.93949825	6.609127	-9.895184	-1.1090338
SRR11100131	12.539603	3.166256	3.2575407	-5.704351	12.15918	5.777834	13.841497	8.851581	0.78240657	6.4827795	-11.129776	-1.2222115
SRR11100133	12.262555	4.111894	3.2624762	-5.8197484	12.534344	5.1531844	11.270162	5.8080993	1.0239861	8.790886	-10.3396845	-1.0066053
SRR11100134	12.245277	3.0216784	2.3594668	-5.7045445	12.6852455	5.5258303	13.145883	6.4325614	1.0109358	8.7162075	-10.944988	-0.9180234
SRR11100135	13.012552	3.0171874	2.375887	-5.9504395	10.629837	6.8225775	12.799893	8.272251	0.9818526	6.4412475	-11.145861	-1.0832679
SRR11100136	12.896939	3.3863747	3.205578	-5.1771817	10.628384	6.595267	11.844927	7.2304697	0.956798	6.4319286	-9.8459215	-1.1015236
SRR11100137	12.907915	2.8615973	4.5849624	-6.212404	13.094198	6.326048	12.119804	9.25184	0.26182285	5.8084717	-10.407678	-1.6080323
SRR11100138	12.751763	2.7449684	4.2546973	-5.879124	13.104482	6.3312783	11.847994	7.746962	0.27173898	5.623097	-11.425072	-0.5121557
SRR11100139	12.510249	3.2362761	3.3462045	-5.3032727	12.583374	5.604519	12.822304	7.8090057	0.25052533	5.881077	-10.56182	-1.4107764
SRR11100141	12.927161	2.8979251	4.1617656	-6.027582	13.839821	7.2901716	12.183198	8.906489	0.42140463	5.7570705	-10.177723	-1.0882797
SRR11100142	13.646857	4.671291	3.2579908	-0.77620524	14.187386	7.2099757	9.206806	8.900202	0.8123489	6.68546	-11.209765	-1.0814375
SRR11100146	13.305504	3.3235822	3.3127227	-3.0645027	10.816251	6.325519	10.09999	8.299727	1.6047066	7.077848	-9.300485	-0.4977262
SRR11100147	12.977048	3.1863406	4.055727	-5.8888206	12.303205	5.3681726	12.890321	7.8648176	1.1014029	6.543294	-11.34456	-0.41325355
SRR11100148	12.444454	3.2346456	3.3482025	-3.033557	11.709174	5.614346	12.573385	7.0721245	1.0347593	6.378088	-9.781272	-0.793437
SRR11100149	12.7317095	3.1287754	4.352216	-6.3318295	12.690266	6.905377	12.709108	9.315397	1.4317397	7.1463575	-10.835052	-1.2818217
SRR11100150	11.992933	4.0409245	4.4264803	-5.9961123	10.790935	6.17985	12.50473	10.06944	0.65572035	6.8165073	-10.829342	-1.4344925
SRR11100152	13.091758	3.148707	3.332115	-2.2919555	12.5388565	5.19397	12.188185	8.9275875	1.5098602	7.5298066	-10.464634	-1.1394912
SRR11100154	12.523231	3.7190058	3.2486098	-6.028832	12.283021	5.3916764	12.205968	7.7540717	-0.4148681	6.153465	-10.514561	-1.337103
SRR11100157	12.866146	2.9999967	2.5001178	-5.175318	10.69182	6.790958	12.158605	9.23217	0.19029856	5.8645296	-10.543022	-1.2045591
SRR11100159	12.860103	3.3884168	3.1054533	-5.467417	11.174558	5.8318176	12.070224	9.223415	0.93110025	6.300511	-10.414946	-0.95545775
SRR11100161	12.67726	2.945481	2.8149416	-5.618455	12.6227665	6.312727	12.085258	7.7022905	0.8684603	7.4492283	-10.716731	-0.73178315
SRR11100162	12.761251	2.7769165	2.181663	-5.197343	12.929289	5.6868744	12.160049	7.656987	1.1855654	7.842694	-10.097573	-1.1367428
SRR11100163	12.677619	3.362888	3.1239948	-5.302889	11.226131	5.8563466	11.577545	5.863695	1.0169004	6.467377	-10.375917	-1.5552945
SRR11100166	11.878696	3.3598404	2.1283324	-5.288179	13.139201	7.570003	11.605328	8.415214	1.2712014	6.633794	-10.810408	-0.6607657
SRR11100167	13.411658	3.3933706	3.9804757	-6.2432427	10.895431	6.2449384	10.428203	6.8423796	1.5711849	7.1677523	-13.065863	0.7905699
SRR11100168	12.760626	4.417	4.068623	-6.140304	13.235468	7.5432215	10.487698	6.104133	1.0721844	6.4145384	-10.826906	-0.65047127
SRR11100169	13.131146	2.80503	4.065718	-5.189809	13.962819	6.799236	12.844504	7.864783	0.63364536	6.443881	-10.25218	-1.3940028
SRR11100170	13.029432	3.2625947	3.211761	-3.2249582	12.145338	4.9730344	13.231647	6.2230453	1.402478	7.1573977	-11.341767	-0.8003173
SRR11100171	12.306988	3.2346582	2.1240065	-5.7089267	11.719191	5.684203	12.089201	7.7019577	-0.4223596	4.498679	-9.80201	-1.4701358
SRR11100172	12.127246	3.3594902	2.4635477	-5.763437	12.211047	5.399122	14.289797	9.947256	0.7931542	7.594977	-10.733989	-0.022778548
SRR11100173	12.3748255	4.213401	4.390459	-6.45316	10.562317	6.6864266	9.780536	7.0185943	-1.0565552	4.630018	-9.949874	1.4833438
SRR11100174	12.806335	3.579711	3.9385386	-6.343573	12.031353	4.873004	12.76094	9.339748	-0.25364244	7.669217	-9.794471	-1.6649892
SRR11100176	12.113741	3.5273354	2.9883988	-5.9784184	11.37541	5.846942	11.784398	8.3776245	0.5876076	6.5131383	-10.12678	-1.3604338
SRR11100177	12.527087	3.8562474	2.6148384	-5.2209735	13.990878	7.388545	12.097409	7.67909	-0.19498706	4.61208	-9.738293	-0.6271366
SRR11100178	12.681972	3.7761664	2.50018	-5.823673	11.015656	6.1851563	10.370049	8.483483	0.2283476	7.5960574	-9.92495	-1.4656731
SRR11100181	12.195731	3.3114486	2.7617154	-5.785044	11.756029	5.606655	13.300967	6.1968484	0.19595434	7.582577	-9.919765	-1.3477114
SRR11100183	12.694736	3.9281352	2.0956962	-5.26299	11.306809	5.7191114	12.767655	5.907247	-0.25889423	7.738884	-10.434693	-0.9631392
SRR11100184	12.01902	3.5704424	4.166558	-6.3750887	11.139054	6.3083262	11.75445	6.8483896	1.6357467	7.1955924	-9.967163	-1.5074298
SRR11100185	13.003581	3.0769372	2.3354878	-5.837527	10.604563	6.680923	12.170247	7.603459	0.7917732	6.4296875	-11.193955	-0.3639654
SRR11100186	11.995878	3.4401724	4.1783686	-6.6248026	11.648233	5.783674	11.58169	8.279318	1.3613414	7.215772	-9.827174	-1.3525143
SRR11100188	13.050603	2.7352717	2.2541015	-5.7177405	13.303345	5.862371	13.307839	6.3926606	1.5012872	6.8922353	-10.29733	-1.295873
SRR11100191	12.792599	2.584683	2.2267065	-5.317685	12.866189	5.6495748	12.683633	9.30276	1.3745013	6.629602	-10.327425	-0.5534737
SRR11100196	12.311568	3.624797	2.1853936	-5.611153	12.347954	5.4765267	12.019216	8.201311	0.10367617	6.192262	-9.959291	-1.3239816
SRR11100197	12.327123	3.3000765	2.1357095	-5.18592	11.950277	5.805033	12.531391	9.134168	0.2516913	7.625408	-9.809857	-1.0468668
SRR11100198	9.453742	3.6433554	3.392303	0.62392783	11.600929	2.542046	9.372345	8.31637	-2.8519714	6.724245	-11.430348	0.6901212
SRR11100200	9.962552	3.8018856	3.7509265	0.9103969	11.377662	3.7198226	10.932899	9.152734	-1.921746	6.798205	-10.570486	-1.2542912
SRR11100202	12.113742	3.6849828	2.1064825	-5.335239	11.852986	6.475028	11.734082	8.319111	-0.05814075	4.200211	-10.990273	-0.943315
SRR11100203	12.401762	3.1813626	2.1745865	-5.3248997	12.689365	5.671481	11.170225	6.301314	0.38733527	7.60541	-9.735887	-0.7104902
SRR11196609	13.75814	4.780547	3.8999379	-2.937925	14.0486355	7.230015	10.806594	6.2172956	0.36321557	8.861718	-10.8661175	0.5197425
SRR11196611	12.992094	4.480754	4.207884	-5.9702272	13.373562	6.685772	10.287932	8.3965845	0.7082401	8.353633	-9.597002	-0.45629108
SRR11196612	14.107454	3.6816478	4.512736	-6.785475	10.6756735	7.265839	13.393852	6.131893	-0.34293795	8.3901205	-10.868599	0.37236634
SRR11196613	14.082015	3.6950526	4.5493674	-6.850008	10.689407	7.2514277	13.298564	6.2319064	-0.35052314	8.386307	-10.868599	0.37236634
SRR11196614	14.046995	3.725246	4.525896	-6.8365006	10.689407	7.2514277	12.784252	5.866216	-0.045942843	8.500323	-10.868599	0.37236634
SRR11196615	13.170223	4.106345	4.524606	-6.883974	13.098726	6.2793674	12.731842	5.8761787	0.95489204	8.725926	-9.960695	-0.50558954
SRR11196616	9.131355	4.097426	3.6501448	-0.49406847	11.135432	2.6970284	9.398328	8.405533	-2.2885022	7.600078	-10.11138	2.0295157
SRR11196617	9.514875	4.370213	4.353002	0.39575863	12.073081	2.6015656	9.419385	8.836846	-2.4243422	6.5544925	-8.966346	3.0163724
SRR11196618	9.418562	3.426329	3.967024	0.61046875	11.620336	2.6228251	11.961387	5.850668	-3.0743015	6.6131353	-11.753484	0.98337394
SRR11196619	9.172122	3.950787	3.4760475	-0.49446195	11.535732	2.5067298	9.173205	8.296323	-2.841191	6.857498	17.464025	5.205851
SRR11196620	13.771571	4.878107	3.5726347	-2.363382	14.183314	7.3388433	10.167	6.00323	0.29297388	8.126466	-10.8661175	0.5197425
SRR11196621	9.6329565	3.5704389	3.453501	-0.5713602	11.505596	2.5445979	9.814117	6.6934166	-2.9737675	6.8581223	-11.289315	-0.7266337
SRR11196622	9.935162	3.4536047	3.4980907	0.63756365	12.108702	2.7316763	8.975501	7.8045344	-3.0103714	6.7112103	-8.966346	3.0163724
SRR11196623	10.161907	3.402798	3.7464294	0.6898849	11.809231	3.4800677	11.271709	6.0758276	0.3507889	8.9915905	-11.757092	1.0069846
SRR11196624	10.357004	3.825322	3.3090546	0.54936516	11.66794	3.9163086	11.230797	9.461414	-2.2934618	6.5075674	17.476862	5.192926
SRR11196625	10.159911	3.41534	3.7843192	-0.5513799	11.769437	3.4408367	8.928411	7.6962447	-2.676567	6.3458805	17.46519	5.2046924
SRR11196626	10.383902	3.7783535	3.4576411	-0.5367199	11.650059	4.071733	9.137101	8.454198	-2.5224497	6.6168733	-11.768166	0.9331012
SRR11196627	10.121462	3.6930716	3.720816	0.103177555	11.667489	3.945556	9.097086	7.3771453	-2.2911038	6.786871	-7.837303	-0.65246016
SRR11196628	9.520346	3.4288876	3.9750626	0.45352492	12.123032	2.772884	11.88093	6.0159516	-3.0516007	6.721732	-8.966346	3.0163724
SRR11196629	9.404556	3.5419192	3.4996636	0.37373552	11.624171	3.018985	11.950374	5.9099026	-2.8600066	6.8956847	-9.1510515	3.0492694
SRR11196630	9.63347	3.913424	4.2168455	0.26028082	12.115741	2.6407664	9.27203	8.636257	-2.4722881	5.9871902	-11.57224	2.0213084
SRR11196631	13.781727	4.88135	3.7049541	-2.759536	13.712239	7.4016275	10.061174	6.071755	0.75802606	8.851423	-10.868599	0.37236634
SRR11196632	9.517036	3.9740841	4.0118976	0.6286816	12.045187	3.2872376	9.475135	8.446612	-2.1001492	7.101576	-11.741991	1.0409058
SRR11196633	9.900496	3.561674	3.3318942	-0.55004764	11.364117	2.4851475	9.7295	6.72001	-2.294071	6.781871	-11.757092	1.0069846
SRR11196634	2.595733	4.9669538	-0.7168773	7.626769	8.125467	4.9040546	12.001478	10.601431	-0.23745193	4.1123247	-13.324805	0.98044264
SRR11196635	2.0381694	4.4460683	-0.39609227	6.847376	8.365331	4.8164973	13.763947	11.828097	0.27291173	1.8621204	0.48275325	-3.8313484
SRR11196636	1.0972675	4.8858814	-1.5297008	7.022252	8.138809	4.8200183	12.47159	7.3001833	-0.13410757	2.150748	-1.7054181	-5.8356786
SRR11196637	2.4309072	4.0704055	-3.1260512	7.059034	9.071963	3.9332726	14.324773	11.065725	-0.42591923	4.299309	-1.9531951	-6.0972705
SRR11196638	2.3263717	4.157487	-2.8284457	7.0565586	10.589191	5.3048263	13.755568	11.37622	-0.44624233	4.3195624	-1.771703	-5.8934245
SRR11196639	2.4659135	4.222275	-2.8558867	7.0118275	10.56967	5.2474704	14.54756	11.084656	-0.05088788	3.9442744	0.2612618	-3.439023
SRR11196640	2.3867507	4.159605	-1.0694824	7.074866	8.699317	4.9243946	13.174942	10.960373	-0.99088573	4.064826	-14.1930485	1.2107558
SRR11196641	13.7802515	4.7962027	3.743464	-2.7983987	14.097844	7.212085	10.91639	5.9708138	0.9264912	8.838726	-10.8661175	0.5197425
SRR11196642	13.504781	4.742916	3.6273768	-2.7260036	14.176738	7.3581653	11.018795	5.8313055	-0.030799078	8.353321	-10.8661175	0.5197425
SRR11196643	14.055021	3.72692	4.491445	-6.97995	11.687121	6.2232647	12.771627	5.8559504	-0.19951275	8.556682	-10.868599	0.37236634
SRR11196644	14.053492	3.7247012	4.491445	-6.97995	11.687121	6.2232647	13.362965	6.1561227	-0.19797905	8.521876	-10.868599	0.37236634
SRR11196645	13.920206	3.7275076	2.3695571	-5.310521	13.151706	6.1385636	10.164393	5.6980877	0.8556939	8.122769	-10.868599	0.37236634
SRR11196646	14.056418	3.7152276	4.5259304	-6.9249415	10.696193	7.294816	13.38198	6.1174464	-0.13662814	8.308123	-10.868599	0.37236634
SRR11196647	14.09284	3.7518818	4.539533	-6.9958816	11.826325	6.1944647	12.7387295	5.842508	-0.25687286	8.420126	-10.868599	0.37236634
SRR11196648	13.866088	3.8269622	3.7408638	-5.239685	13.148755	5.8798127	12.673141	5.9148626	-0.15717733	8.505203	-9.960695	-0.50558954
SRR11196649	14.002682	3.7364047	4.505952	-6.800849	10.6754	7.2362785	13.367916	6.1634583	-0.07365273	8.4114275	-10.868599	0.37236634
SRR11196650	13.62236	4.1114116	4.514155	-6.9721065	12.821329	6.9152074	12.195673	5.513818	0.62392896	8.32445	-10.868599	0.37236634
SRR11196651	13.820886	3.9281301	3.750282	-5.730173	12.787987	6.7073092	12.673141	5.9148626	0.84173924	8.520572	-9.960695	-0.50558954
SRR11196652	14.055812	3.7018073	4.524611	-6.821829	10.689123	7.248268	13.284189	6.237802	-0.40402114	8.391971	-10.868599	0.37236634
SRR11196653	1.755116	4.760442	-0.8395123	8.233392	8.543826	4.370172	14.116257	11.098618	0.06713037	2.3211017	-2.045591	-6.262869
SRR11196654	13.858562	4.962828	3.7910604	-2.8503232	14.072373	7.3316875	10.180639	5.880789	0.82785064	9.1539345	-10.8661175	0.5197425
SRR11196655	1.9580759	4.4692636	-0.44641292	6.7939434	8.348252	4.739133	13.678117	11.712648	0.27291173	1.8621204	0.48275325	-3.8313484
SRR11196656	2.8957791	5.693385	-1.9314213	7.314394	7.809582	4.6256433	13.386301	10.863232	-1.1286527	3.9837074	-13.7397995	1.0858897
SRR11196657	1.5903534	5.7593794	-1.7336602	7.5388055	8.154233	4.4981303	13.460102	10.044362	-1.70024	2.202787	-1.9462397	-6.0691314
SRR11196658	2.3922362	4.1063614	-0.4324806	6.04733	8.133481	5.0065546	12.53059	11.475982	-0.40218925	4.219508	-2.045591	-6.262869
SRR11196659	2.1325114	5.7958293	-1.1551522	6.301555	7.911628	4.612381	13.258034	7.2719417	0.015588473	3.7685282	-13.531891	1.0048304
SRR11196660	2.8479142	5.7713737	-1.7200557	6.9679046	7.9538293	4.872583	12.880264	9.888902	-1.4029543	3.2510004	-10.02774	2.053657
SRR11196661	1.5513134	4.619055	-2.1905372	6.868058	8.227571	2.650451	12.652402	11.362064	-0.32696304	2.1269295	0.48275325	-3.8313484
SRR11196662	1.4811431	5.2819147	-0.921623	7.9810777	9.75468	5.0704403	10.441197	7.399351	-1.8026816	1.7876482	-13.236098	1.0817821
SRR11196663	2.5177677	6.4892273	0.3796385	5.3626137	10.050916	3.7871099	11.903665	9.735879	-2.1796522	1.8524634	-5.179251	4.156286
SRR11196664	2.4849944	6.073995	3.7577093	1.1178818	8.661727	3.1173358	11.399458	9.623994	-0.35923594	1.1696951	-5.0644555	4.028939
SRR11196665	13.798246	4.8767624	3.6104114	-2.7244844	13.872212	7.4224353	10.368501	5.9091597	0.7704392	9.227629	-10.8661175	0.5197425
SRR11196666	2.4115252	6.1100655	0.7305101	5.7161074	8.040563	3.6052232	13.466433	9.736093	-1.2210666	2.1588173	-5.092942	4.0657945
SRR11196667	0.7928194	5.2352233	0.68794096	5.655552	8.646891	3.0904465	11.845048	9.769452	-2.058252	1.8721313	-4.9785314	3.9871032
SRR11196668	2.5078592	6.4708734	0.028772637	5.5882387	10.379657	4.8158407	11.149085	9.416471	-1.5966656	2.044022	-5.0644555	4.028939
SRR11196669	2.3639803	6.360468	0.12300641	5.3316483	8.92303	3.2134514	11.168248	9.418617	-1.3971958	1.7393004	-5.092942	4.0657945
SRR11196670	2.8559651	5.927184	0.38801083	5.9186163	8.286184	4.0702553	11.566853	9.862393	-1.2563953	2.5259156	-5.1613607	4.237646
SRR11196671	2.4998028	6.4335485	3.792559	1.075042	9.73512	3.5462625	11.990173	10.793525	-0.9442869	2.1079478	-5.092942	4.0657945
SRR11196672	2.6593208	6.2568507	0.5753618	5.5186977	9.651379	3.4978833	11.583218	9.951386	-1.5023167	4.495144	-5.092942	4.0657945
SRR11196673	2.7202084	5.939341	3.7919428	1.1134835	7.7017326	4.3574014	11.894334	9.924178	-1.101796	4.020974	-5.092942	4.0657945
SRR11196674	2.548079	6.1869035	0.059287775	5.517238	8.611243	3.4635165	11.5717	9.605213	0.26279965	1.8846967	-5.276493	4.182027
SRR11196675	2.4853985	5.847679	0.26691085	5.349583	7.906455	3.4217396	11.834836	9.601505	-1.0574231	1.4995072	-5.092942	4.0657945
SRR11196676	13.527648	4.883351	3.5463388	-2.5397477	13.258685	7.5147085	10.680572	5.937979	0.08641728	8.561166	-10.962918	0.30718824
SRR11196677	2.729631	6.36717	-0.5478477	6.226152	10.019	3.7323403	11.495637	9.845709	-0.8773205	1.4235984	-5.092942	4.0657945
SRR11196678	2.5429516	6.499742	0.3535475	5.4063797	10.060126	3.8265438	11.992759	10.88992	-1.4080532	1.5048757	-5.092942	4.0657945
SRR11196679	2.821274	6.390108	0.3303407	5.550091	9.969806	3.3783095	11.434479	9.676536	-1.8712635	5.094088	-5.092942	4.0657945
SRR11196680	2.8864522	6.168122	4.3273926	0.53434473	9.255676	2.735463	11.961917	10.410544	-1.791927	4.694537	-5.092942	4.0657945
SRR11196681	13.786968	4.91863	3.5869923	-2.4439955	13.792461	7.2124767	10.319303	5.932419	0.57658035	9.061234	-10.8661175	0.5197425
SRR11196682	13.7592	4.9229016	3.73238	-2.8047605	14.001544	7.3625865	10.035721	6.1162972	0.80629987	9.1991	-10.8661175	0.5197425
SRR11196683	13.535401	4.853964	3.8233614	-2.8663986	13.717971	7.48422	10.264467	6.2914915	0.36321557	8.861718	-10.8661175	0.5197425
SRR11196684	13.575384	4.899841	3.82708	-2.807175	13.409053	7.5590825	10.047377	6.1007442	0.8288343	9.142733	-10.8661175	0.5197425
SRR11196685	13.860252	4.950097	3.8437274	-2.8255384	14.241145	7.3995566	10.2014	6.1318645	1.0769937	8.020143	-10.8661175	0.5197425
SRR11196686	13.678252	4.8883224	3.56905	-2.7941191	14.00496	7.291316	10.0596	6.1055665	0.671586	9.142035	-10.8661175	0.5197425
SRR11196687	13.871365	4.9538126	3.7910604	-2.8503232	13.886745	7.446657	10.17337	5.905887	0.82281935	9.139618	-10.8661175	0.5197425
SRR11196688	13.781496	4.8721037	3.6458583	-2.7134655	14.129128	7.271864	10.392947	5.959523	0.76253074	9.21642	-10.8661175	0.5197425
SRR11237929	12.025887	3.4509654	2.682674	-5.6622667	11.887581	6.218621	11.401699	8.021821	1.61105	6.7637143	-9.694024	-1.6784494
SRR11237930	12.425849	4.0953617	2.2985086	-5.829015	12.32841	5.509563	12.144758	6.976435	0.25698814	6.741002	-10.723133	-0.2460199
SRR11237931	12.502671	4.010055	2.4101424	-5.5338755	12.093774	5.4881988	12.043415	6.700614	1.475316	7.612928	-9.960695	-0.50558954
SRR11237933	12.476686	2.2338567	2.207236	-5.212982	13.110857	5.6521807	13.403668	9.134769	-0.28202096	7.6707172	-9.570245	-0.26460704
SRR11237935	12.73439	4.2003593	3.3866534	-5.8553395	11.31754	5.8885593	12.188235	7.0628223	0.5497444	7.7223973	-10.342513	0.0723878
SRR11237936	12.298601	3.9265385	2.1639333	-5.7477164	11.915772	5.2940016	12.231778	6.9559097	-0.24586076	7.632011	-10.1494255	-0.46248975
SRR11237937	12.395226	3.9525743	2.252505	-5.795922	12.01808	5.670564	11.710489	7.447295	-0.26182067	7.629654	-9.960695	-0.50558954
SRR11237938	12.320783	3.872789	2.0178638	-5.3453364	12.343961	5.0548563	12.247487	6.951162	-0.24890676	7.6388645	-10.17713	-0.35704625
SRR11237939	12.453875	3.8431218	2.097328	-5.695363	12.352274	5.3128853	12.248828	6.958625	1.3858608	7.773543	-11.245284	-0.08347184
SRR11237940	12.813897	4.0735636	3.6033409	-6.0641065	11.323374	5.793305	12.241562	7.071015	-0.5027518	5.9281936	-10.766597	-0.28232127
SRR11237941	12.338872	3.9131265	2.136778	-5.7456512	13.847704	7.3627753	11.871549	6.1258664	-0.4828751	4.5951176	-9.967654	-0.43372682
SRR11237942	13.1882715	3.879519	1.9326059	-5.0594954	12.797135	6.4730887	11.792801	6.775857	1.0212321	8.825513	-10.139191	-0.60774904
SRR11237944	12.521063	2.2541616	2.803032	-5.787983	13.1788645	5.8173604	12.801882	9.890458	-0.3151877	7.678952	-9.570245	-0.26460704
SRR11237945	12.266387	3.7514482	2.4275677	-5.77496	11.271165	5.995142	13.093082	10.125202	1.2731313	7.2489963	-9.960695	-0.50558954
SRR11237948	11.6298275	3.5950181	2.1328118	-5.239316	11.991634	5.692217	11.100796	7.947197	1.3533615	6.7710915	-9.960695	-0.50558954
SRR11237949	12.119964	3.5323894	2.059393	-5.371828	11.758961	6.3565936	11.4185505	8.094542	1.5643524	7.402399	-10.722791	0.008756051
SRR11237950	12.755706	4.3165903	2.3656752	-5.5159655	13.374438	7.549671	11.38959	5.9991884	0.1341727	7.115733	-9.77492	-0.7073191
SRR11237952	12.860705	3.1666684	4.546968	-6.760872	12.979999	6.3542566	12.516322	6.991274	0.8693948	9.189991	-9.570245	-0.26460704
SRR11237954	12.5939045	3.8501387	2.3720899	-5.790903	11.928449	6.1584606	12.447598	6.9443626	1.095343	7.4554734	-9.570245	-0.26460704
SRR11237955	12.657043	3.7846267	4.0817223	-6.334077	12.268096	6.317864	12.108588	6.9177294	-0.15404311	6.360541	-9.570245	-0.26460704
SRR11237958	11.892	3.332048	3.8365698	-5.991855	11.163668	6.322779	11.637815	8.304182	-0.58292437	6.0345764	-11.1688595	-0.42079878
SRR11237959	12.610997	3.842705	3.1215959	-6.1105447	11.831705	5.8201165	12.139862	5.621439	0.9332356	7.102449	-10.722791	0.008756051
SRR11237960	12.379641	2.526114	2.0762217	-5.3531547	13.12441	6.124051	11.748677	6.9327445	-0.23629908	4.527118	-9.570245	-0.26460704
SRR11237961	12.840436	3.9946966	3.7700431	-6.244956	11.602282	5.7932587	12.120436	7.307197	0.84567124	9.187251	-9.816703	0.21539934
SRR11237963	12.047136	3.2869253	4.1156926	-6.320969	13.128475	7.5264635	11.704944	8.291296	0.63365155	6.988138	-10.025188	-0.18689045
SRR11237964	12.742808	4.12472	2.5217683	-5.295979	11.694887	6.391866	11.981167	6.178163	-0.89421326	6.1038785	-10.03155	0.17226247
SRR11237965	11.858021	3.4242468	3.0377133	-6.050648	10.888917	6.4233074	13.303734	6.7857037	-0.91375047	4.729364	-9.570245	-0.26460704
SRR11237966	11.714207	3.4707677	3.1940901	-6.150699	10.575916	6.6960607	11.723696	8.33979	-0.9100072	4.765343	-9.570245	-0.26460704
SRR11237971	12.583426	2.2710032	2.7937336	-5.7565374	13.051701	5.743899	12.992171	9.752275	-0.37402943	7.7345104	-9.570245	-0.26460704
SRR11237972	12.629325	2.3589363	2.2257981	-5.143877	12.952028	5.728664	11.372882	9.631037	-0.3222188	7.7567863	-9.570245	-0.26460704
SRR11237975	13.037816	2.6259608	2.8498726	-5.8775525	13.233059	6.011213	13.587949	8.507947	1.3983763	6.822579	-9.960695	-0.50558954
SRR11237977	12.4244995	3.3199658	2.4650002	-5.615621	12.050895	5.3303046	13.183634	7.1755333	0.27152085	5.889037	-9.512531	-0.28006887
SRR11237978	12.2886305	2.7364497	3.0101676	-5.5694857	13.30962	5.78578	12.423611	8.058652	-1.1183643	5.8824935	-9.769027	-1.6667159
SRR11237981	12.241246	2.5951552	4.0162053	-6.3465905	12.89538	5.8319783	12.562899	10.7968855	-0.58144844	6.144612	-9.9443445	0.04003134
SRR11237982	12.220207	2.512585	3.6199853	-6.2149377	13.011961	5.5658975	13.299682	6.778635	-0.5716956	6.1288366	-9.973091	-0.22528173
SRR11237985	12.702846	4.101146	3.9998946	-6.2635074	11.597988	6.1298532	12.272594	9.55708	1.430678	7.5176373	-9.960695	-0.50558954
SRR11237986	12.3006525	3.331412	3.1424005	-5.9543905	10.492341	6.7654595	11.220309	7.960305	0.58003974	7.320359	-10.722791	0.008756051
SRR11237987	12.9902525	3.2253044	4.167086	-6.5545	12.533751	5.108836	11.935429	8.333019	1.3925471	6.932591	-9.570245	-0.26460704
SRR11237988	11.686774	3.2458906	3.074627	-6.129848	13.080856	5.5243335	11.730139	6.242626	-0.9442906	6.006618	-10.05747	0.09175016
SRR11237989	12.049513	2.9877222	2.3723207	-5.365073	12.62594	5.2811656	11.699065	8.363329	-0.5506176	5.07099	-9.514124	-0.28798014
SRR11237991	12.461694	2.64291	2.7791371	-5.6858764	13.26961	5.775105	11.361607	8.333776	-0.60747504	5.8914084	-9.750102	-1.5139601
SRR11237992	12.789659	2.479277	2.2722702	-5.5292673	12.989594	5.9754567	12.706686	9.418211	1.4756068	6.823134	-9.71428	0.014488245
SRR11237997	12.187524	4.029916	3.3248005	-6.017633	12.028791	4.441636	12.141654	8.388746	0.708485	6.793189	-9.570245	-0.26460704
SRR11237998	12.846536	3.780592	2.9428208	-5.979718	12.0314865	4.827556	12.994782	7.4405193	0.5326413	7.179584	-9.570245	-0.26460704
SRR11237999	12.4147215	4.714991	4.227551	-6.303754	10.725373	6.6602526	11.340684	5.788509	0.55705595	7.605325	-10.722791	0.008756051
SRR11238002	12.187463	3.3164895	2.7743835	-5.777832	12.123026	5.636594	11.225839	7.8374386	1.816113	6.85364	-9.38128	-0.44245324
SRR11238003	12.672963	2.323147	2.3227203	-5.3903284	13.225531	5.739472	12.731494	9.70753	-0.37909612	7.7686987	-9.570245	-0.26460704
SRR11238004	11.662728	3.566739	2.7614377	-5.340993	11.917678	6.2327676	11.173026	7.7498107	-0.5993591	4.340759	-10.405602	0.06005242
SRR11238006	12.051404	3.478037	2.613176	-5.9029284	13.54982	7.5230203	10.777509	7.7661514	1.0063905	6.3389225	-10.581608	0.21764454
SRR11238007	12.582795	3.869106	2.059591	-5.729936	13.21762	7.4599566	12.257012	7.2722263	1.0710298	7.504817	-9.960695	-0.50558954
SRR11238008	12.071599	4.3410826	2.1723435	-5.4831414	12.528708	6.4202604	11.819926	6.771259	0.28278175	8.019395	-10.086503	-0.30271643
SRR11238009	12.546103	2.294534	2.1110563	-5.7518406	13.152427	5.8189926	11.368541	8.401793	-0.30431846	7.6776896	-9.94162	-0.7281092
SRR11238010	12.951983	2.5952392	2.2096512	-5.5269094	13.15254	5.653846	13.096565	9.663777	1.4558039	6.858227	-10.40556	0.12835285
SRR11238011	12.964669	2.6172702	2.9470174	-6.0301456	13.414419	5.90109	12.865159	9.890626	1.4500043	6.835922	-9.9794	-1.2597333
SRR11238014	12.478913	2.2196124	2.6823173	-5.8459005	13.166681	5.9853926	12.811083	9.841557	-0.23459439	7.6474667	-9.570245	-0.26460704
SRR11238015	12.149214	2.413427	4.3893175	-6.7742457	13.177337	5.7263947	13.343185	6.352722	-0.6255135	5.8165693	-9.960695	-0.50558954
SRR11238017	12.128463	2.4190023	2.3886635	-5.309106	13.266919	5.911051	13.358787	6.633522	1.4888388	6.792348	-9.47061	-1.4083314
SRR11238018	12.116226	2.4725645	3.966276	-6.373177	13.2212	5.716719	13.3987465	6.6697173	-1.120163	5.859759	-9.582448	-0.67703754
SRR11238019	12.128648	2.3967972	4.108504	-6.467776	13.274548	5.7007966	13.352178	6.4916706	-1.109186	5.865475	-9.960695	-0.50558954
SRR11238020	13.040155	2.6174133	2.905265	-5.8155704	13.264966	5.8767715	13.443036	9.052532	0.75431395	6.4050617	-10.048283	-0.6353914
SRR11238022	12.054775	2.9027514	3.3797543	-6.09557	12.733109	5.5253124	12.981272	7.0858417	-0.655919	6.074397	-10.146973	-0.06927117
SRR14196803	12.896861	4.4181995	4.590367	-6.067524	12.51599	6.540551	11.026062	5.83911	0.4208042	8.2880745	-10.8731	0.38471696
SRR14196805	12.573205	4.2757325	3.5646486	-2.7290804	11.1148815	6.2221184	10.986998	5.6856985	0.75515693	8.386518	-10.8731	0.38471696
SRR14196806	12.532341	4.069347	4.078364	-2.0965133	11.001894	5.801848	11.012435	5.943084	-0.8768429	6.5309234	-10.8731	0.38471696
SRR14196807	12.37818	4.094986	4.0670075	-2.0405343	10.949696	5.99265	10.996465	5.960054	-0.7497089	6.512463	-10.8731	0.38471696
SRR14196811	12.851647	4.1569467	3.9686391	-3.1057017	11.467344	5.9884996	11.158349	6.2515326	0.43884945	8.236253	-10.8731	0.38471696
SRR14333858	12.153992	2.624205	3.1553211	-5.8942394	12.761736	5.8052177	13.383671	6.692186	-0.5960841	6.0936837	-10.17863	-0.84790224
SRR14333859	12.994937	3.0192127	3.1875489	-6.0956497	12.741587	5.2492824	11.084427	8.07341	1.6023629	6.812047	-10.054674	-0.93112314
SRR14333860	12.094279	3.0435045	4.111504	-6.411748	12.795791	6.7813263	12.211121	5.5136504	-0.7053488	6.1128025	-10.241979	-1.4867219
SRR14333862	12.173545	3.9308667	4.531582	-6.386047	10.539685	6.6280384	13.142381	7.002826	0.7900742	8.14664	-11.173928	-1.1788673
SRR14333863	12.595437	4.438127	4.5743465	-6.304849	10.820125	6.1250987	11.147483	5.64441	0.67051274	8.813809	-10.42564	-1.255258
SRR14333870	12.565709	4.022773	4.1798053	-6.4115896	12.011463	5.481661	10.925003	5.7991133	1.0178617	7.6891956	-10.56665	-0.5196295
SRR14333871	12.5785475	3.9735355	4.4244585	-6.340239	12.085783	5.4512563	13.3960085	6.1360874	0.872822	7.9248667	-10.716561	-0.7492425
SRR14333873	12.325491	3.9780395	4.4575853	-6.771182	11.61649	5.9485025	12.293626	7.102316	0.98489624	6.317663	-8.577204	-0.54313195
SRR14333876	11.719697	4.1327124	4.440571	-6.808124	11.523746	6.03484	10.329895	7.2867336	0.94023955	7.9920397	-8.559876	-0.4045485
SRR14333877	12.320227	4.241305	4.4469986	-6.4516783	11.556602	6.6177735	10.632502	6.406597	0.6190486	7.0744905	-11.209253	-0.2202023
SRR14333878	12.441076	4.316712	4.487935	-6.7528	10.642648	6.709215	9.919104	6.5602007	1.1670775	7.859597	-11.181703	0.043021996
SRR14333879	12.756019	4.391344	4.0410795	-5.871883	10.670375	6.648741	10.997424	5.9002895	0.8801684	8.149688	-8.256105	-0.60708684
SRR14333880	12.65516	3.339337	4.4440637	-6.5554204	11.42267	5.5671787	11.7713	7.3685718	1.3087623	7.356708	-10.166716	-0.9427442
SRR14333881	12.606898	4.2602954	4.208426	-5.935536	13.93705	7.00156	10.572432	6.1370444	0.919724	7.701978	-8.365034	-0.55011505
SRR14333887	12.960747	3.3340154	2.3369977	-5.835445	12.623444	5.213491	13.306728	6.7650433	1.4666079	7.046186	-10.814767	-0.107702896
SRR14333890	12.91536	3.4043725	2.2830186	-5.8446097	12.295322	5.0901093	13.404743	8.932586	1.5550067	6.8869166	-10.676058	-1.3336926
SRR14333891	12.947016	3.267409	2.7923026	-5.7695937	12.339994	6.3176875	12.76752	7.6992517	1.2070543	6.427958	-9.758886	-0.9781086
SRR5519646	12.415172	4.313287	4.6309304	-6.65013	10.473227	6.650772	10.192256	6.505351	1.1986617	7.7433853	-10.868599	0.37236634
SRR5562752	12.9224415	2.5052042	2.8832157	-5.4612	12.887661	5.6354136	12.983208	10.230259	1.697906	6.7903247	-9.570245	-0.26460704
SRR5562853	12.239011	3.2172534	2.3777678	-5.9462633	12.454273	5.567603	11.291089	8.154234	-0.07011833	8.027154	-9.960695	-0.50558954
SRR5562854	13.187354	2.9656918	3.0462215	-5.444511	13.669353	6.253363	13.430544	6.164197	0.34577078	5.742959	-13.674068	0.71077657
SRR5562856	12.093455	2.793922	2.7262511	-5.8511524	12.7917	5.549099	12.194231	5.503394	-0.58929515	6.0845175	-9.960695	-0.50558954
SRR5562858	12.795355	2.8852599	2.700924	-5.8019266	13.029672	6.3313665	11.816068	8.465938	-0.448556	6.2216673	-10.021274	0.31376836
SRR5562860	12.07043	4.0059624	4.3256416	-5.9570484	10.8605795	6.5987973	10.433661	7.476321	0.72952855	6.117662	-9.570245	-0.26460704
SRR5562864	12.823729	2.8108232	3.2943192	-2.124306	13.175669	6.419209	13.420325	8.825956	1.5544705	7.262681	-9.735554	0.0686895
SRR5562865	13.663595	3.5194457	3.5326579	-5.3342304	11.745562	6.1599507	10.419889	6.7900114	0.96545637	8.759432	-10.722791	0.008756051
SRR5562866	12.603117	3.8685896	2.172888	-5.4126854	11.624546	5.9501715	12.153175	6.9926176	0.12667948	3.8635843	-12.459847	1.0301694
SRR5562868	12.399907	3.876796	4.1285086	-6.3108215	11.743211	6.3859153	11.934932	8.141358	0.7696277	7.469939	-10.722791	0.008756051
SRR5562869	12.503021	3.968374	2.3101723	-5.911571	11.344889	5.9250517	11.194426	7.032555	1.403343	7.5370474	-9.960695	-0.50558954
SRR5562871	13.434142	3.9870608	2.395584	-5.539372	10.781735	6.467261	12.490222	6.969213	-0.6071969	6.617804	-10.40587	0.8361016
SRR5562872	13.771437	3.551334	3.623313	-5.3754673	11.188727	6.0854025	10.47547	6.7751384	1.0204791	8.797768	-10.722791	0.008756051
SRR5562873	12.548044	3.1644306	4.3636837	-6.0190597	12.353052	5.731814	12.215348	8.887079	1.4642057	6.8929014	-13.958349	1.1400297
SRR5562875	13.431275	3.8617544	4.013285	-6.2024784	13.999902	6.868289	10.339835	8.422128	1.0986146	6.3524685	-10.460022	-0.6000817
SRR5562876	13.442363	3.8470936	4.1128774	-6.0866065	13.911546	6.780615	14.1697445	9.291296	1.0424633	6.350454	-10.93772	0.11101566
SRR5562877	12.409159	4.2796884	4.624316	-6.5806227	10.543985	6.7242785	9.802996	6.95298	1.1383849	7.731833	-10.868599	0.37236634
SRR5562878	12.478799	2.7810602	4.1744175	-6.5014224	12.807838	5.4002676	11.440279	8.370776	-0.48883238	5.5763545	-10.538214	-0.2751
SRR5562879	12.113761	2.8646586	4.074057	-6.435217	12.2485895	5.25257	13.291602	6.8149457	-0.6072929	6.1008506	-9.570245	-0.26460704
SRR6313629	12.995634	4.8880725	3.397872	-2.356221	12.910716	7.0632215	10.972839	5.829296	0.62668633	8.427177	-10.710933	0.72397166
SRR6313630	12.030649	4.1196404	0.97174853	5.850215	10.947898	5.940374	11.603095	6.271807	-1.3585229	6.3748856	-1.9752451	-6.1886473
SRR6313631	12.782735	4.154838	3.0791383	-5.9722605	12.639865	6.359303	13.175271	6.5728984	1.5346375	7.1093483	-9.570245	-0.26460704
SRR6313632	12.406854	4.5293865	3.7662263	-1.8929969	10.824797	6.1826606	11.207305	5.7302127	0.82549685	8.496708	-10.868599	0.37236634
SRR9959076	-6.9183054	8.531653	18.007103	0.25559574	-14.752314	9.687848	-3.8912778	4.016012	7.689567	4.611299	-10.819704	0.4667971
SRR9959082	-6.9182563	8.531621	18.006105	0.25476563	-14.752283	9.687838	-3.8913202	4.016013	7.6882625	4.611745	-10.690387	1.8220074
SRR9959083	-6.918234	8.531607	18.005892	0.25457445	-14.752261	9.687834	-3.8913023	4.01601	7.6892886	4.6114087	-10.868599	0.37236634
