	XM_001662595.2	XM_001657462.3	XM_021847043.1	XM_001664194.2	XM_021851049.1	XM_001649790.2	XM_021850261.1	XM_001652683.2	XM_021841341.1	XM_001648700.2	XM_021857384.1	XM_021852340.1	XM_001649087.2	XM_021853012.1	XM_021851750.1	XM_021840622.1	XM_001657120.2	XM_021851332.1	XM_021846286.1
SRR11006602	1	1	1	1	1	1	1	1	0	0	0	1	0	1	1	1	1	1	0
SRR11006837	1	1	1	1	1	1	1	1	0	-1	-1	1	0	1	1	1	1	1	0
SRR11006899	-1	1	1	1	1	1	1	1	0	0	0	1	0	1	1	1	1	1	0
SRR11006838	1	1	1	1	1	1	1	1	0	0	0	1	-1	1	1	1	1	1	0
SRR11006956	1	1	1	1	1	1	1	1	0	-1	0	1	1	1	1	-1	1	1	2
SRR11006788	1	1	1	1	1	1	1	1	0	0	0	1	1	1	1	1	1	0	0
SRR11196612	1	1	1	1	1	1	1	1	0	0	0	1	0	1	1	1	1	1	1
SRR11006784	1	1	1	1	1	1	1	0	0	0	0	1	1	1	1	1	1	1	0
SRR11006561	1	1	1	-1	1	1	1	1	0	0	-1	1	0	1	1	1	1	1	0
SRR11006482	1	1	1	1	1	1	1	1	0	0	1	1	1	1	0	1	1	1	0
SRR11006853	1	1	0	1	1	1	1	0	0	0	0	1	1	1	1	1	1	1	0
SRR11237954	1	1	1	1	1	1	1	1	0	0	-1	1	0	1	1	1	1	1	0
SRR11006587	1	0	1	-1	1	1	1	1	0	0	0	1	0	1	1	1	0	1	0
SRR11100125	1	1	1	1	1	1	1	1	0	1	0	1	0	1	1	1	1	1	0
SRR11006581	1	1	1	1	1	1	1	1	0	0	0	1	0	1	1	1	1	1	0
SRR11006653	-1	1	1	-1	1	1	1	0	0	0	0	1	1	1	1	1	1	1	0
SRR11238022	1	1	-1	1	1	1	1	1	0	0	0	1	1	0	1	1	1	1	2
SRR11006855	1	1	1	1	1	1	1	1	0	0	0	1	1	1	1	1	1	1	0
ERR4065460	1	1	1	1	1	1	1	1	0	0	0	1	1	1	1	1	1	1	0
SRR11006572	1	1	1	1	1	1	1	1	0	0	0	1	0	-1	1	1	1	1	0
SRR11006496	1	1	1	1	1	1	1	1	0	0	0	1	0	1	1	1	1	1	0
SRR11006918	1	1	1	1	1	1	1	1	0	0	0	1	1	1	1	1	1	1	0
ERR4065469	1	1	1	1	1	1	1	1	0	0	0	1	0	1	1	1	1	1	2
SRR11100197	1	1	1	1	1	1	1	1	0	0	0	1	0	1	1	1	1	1	0
SRR11196609	1	1	1	1	1	1	1	1	0	0	1	1	0	1	1	1	1	1	0
ERR4065458	1	-1	1	-1	1	1	1	1	0	0	0	1	1	1	1	1	1	1	0
SRR11196657	1	1	1	1	1	1	1	1	0	0	0	1	0	1	1	1	1	1	0
SRR11006822	1	1	1	-1	1	1	1	0	0	0	0	1	0	1	1	1	1	1	0
SRR11006539	1	1	1	1	1	1	1	1	0	0	0	1	0	1	1	1	1	1	0
SRR11196652	1	1	1	1	1	1	1	0	0	0	0	1	0	1	1	1	1	1	2
SRR5562853	1	1	1	1	1	1	1	1	0	0	0	1	1	1	1	1	1	1	0
SRR11006818	1	1	1	1	1	1	1	1	0	0	0	1	0	1	1	1	1	1	0
SRR11237931	1	1	1	1	1	1	1	1	-1	0	0	1	0	1	1	1	1	1	0
SRR11006500	1	1	1	1	1	1	1	1	0	0	0	1	0	1	1	-1	1	1	0
SRR11006711	1	1	1	1	1	1	1	0	0	0	0	1	1	1	1	1	1	1	0
ERR4065471	1	1	1	1	1	1	1	1	0	0	-1	1	0	1	1	1	1	1	2
SRR11006804	1	1	1	1	1	1	1	1	0	0	0	1	0	1	1	1	1	1	0
SRR11006657	1	0	1	1	1	1	1	0	0	0	0	1	0	1	1	1	1	1	0
SRR11006509	1	1	1	0	1	1	1	1	0	0	0	1	1	1	1	1	1	1	0
SRR11006573	1	1	1	1	1	1	1	0	0	0	0	1	1	1	1	1	1	1	0
SRR11238017	1	1	1	1	1	1	1	1	0	0	0	1	1	1	1	1	1	1	0
SRR11006480	1	1	1	1	1	1	1	1	0	0	0	1	0	1	1	1	1	1	0
SRR11006555	1	1	1	1	1	1	1	1	0	0	0	1	1	1	1	1	1	1	0
SRR11196615	1	1	1	1	1	1	1	1	0	-1	0	1	1	1	1	1	1	1	1
SRR11196623	1	1	1	1	1	1	1	1	0	0	0	1	0	1	1	1	1	1	0
SRR11006614	1	1	1	1	1	1	1	1	0	0	0	1	0	1	1	1	1	1	0
SRR11100168	1	1	1	1	-1	1	1	1	0	0	0	1	0	1	1	1	1	1	0
SRR11006896	1	1	1	1	1	1	1	1	0	0	0	1	0	1	1	1	1	1	0
SRR11196637	1	1	1	0	1	1	1	1	0	0	0	1	1	1	1	1	1	1	0
SRR11100119	1	1	1	1	1	1	1	1	0	0	0	1	1	1	1	1	1	1	0
SRR11237987	1	1	1	1	1	1	1	1	0	0	0	1	0	-1	1	1	1	-1	1
SRR11006880	1	1	1	1	1	1	1	0	0	0	0	1	1	1	1	1	1	1	0
SRR11237959	1	1	1	1	1	1	1	1	0	0	0	1	1	1	1	1	1	1	2
SRR11100152	0	1	1	1	1	1	1	1	0	0	0	1	0	1	1	1	1	1	0
SRR11237961	0	1	1	1	1	1	1	0	0	0	0	1	1	1	1	1	1	1	0
SRR11006910	0	1	1	0	1	1	1	1	0	0	0	1	0	1	1	1	1	1	0
SRR11196668	1	1	1	1	1	1	1	1	0	0	0	1	0	1	1	1	1	1	0
SRR11006831	-1	1	1	1	1	1	1	1	0	0	0	1	1	1	1	1	1	1	0
SRR11006925	1	1	1	1	1	1	1	1	0	0	1	1	0	1	1	1	1	1	0
SRR5562860	1	1	1	1	1	1	1	1	0	-1	0	1	1	1	1	1	1	1	0
SRR11006770	1	1	1	1	1	1	1	1	0	0	0	1	0	1	1	1	1	1	0
SRR14333881	1	1	1	1	1	1	1	1	-1	0	0	1	1	1	1	1	1	1	1
SRR11237985	1	1	1	1	1	1	1	1	-1	0	0	1	0	1	1	1	1	1	2
SRR11006939	1	-1	1	1	1	1	1	1	0	0	0	1	0	1	1	1	1	1	0
SRR11006579	1	1	1	1	1	1	1	1	0	0	0	1	0	1	1	1	1	1	0
SRR5562856	1	1	1	1	1	1	1	1	0	0	0	1	-1	1	1	1	1	1	0
SRR11006508	1	1	1	1	1	1	-1	1	0	0	0	1	0	1	1	1	1	0	0
SRR11006543	1	1	1	1	1	1	1	1	0	0	0	1	0	1	1	1	1	1	0
SRR11006795	1	1	1	1	1	1	1	1	0	0	0	1	1	1	1	1	1	1	0
SRR11100188	1	1	1	1	1	1	1	1	0	0	0	1	-1	1	1	1	1	1	0
SRR11100105	0	1	1	0	1	1	1	1	0	0	0	1	0	1	1	1	1	1	0
SRR11100162	1	1	1	1	1	1	1	1	0	0	0	1	0	1	1	1	1	1	0
SRR11006510	1	1	1	1	1	1	1	0	0	0	0	1	0	1	1	1	1	1	0
SRR11238015	1	1	-1	1	1	1	1	1	0	0	0	1	0	1	1	1	1	1	1
SRR11237986	1	1	1	1	1	1	1	1	0	0	0	1	1	0	1	1	0	1	2
SRR11006916	1	1	1	1	1	1	1	1	0	0	0	1	0	1	1	1	1	1	0
SRR11006749	1	1	1	1	1	1	1	1	0	1	0	1	0	1	1	1	1	1	0
SRR11196658	1	1	1	1	1	1	1	1	0	0	0	1	0	1	1	1	1	1	0
SRR5562872	1	1	1	1	1	1	1	1	0	0	-1	1	0	-1	1	1	1	1	0
SRR11006530	1	1	1	1	1	1	1	1	0	0	0	1	0	1	1	1	1	1	0
SRR11006755	1	1	1	1	1	1	1	1	0	0	0	1	0	1	1	1	1	-1	0
SRR11237963	1	1	1	1	1	1	1	1	0	0	0	1	0	1	1	-1	1	1	2
SRR11196661	1	1	1	1	1	1	1	1	0	0	0	1	1	1	1	1	1	1	0
SRR11100172	1	1	1	1	1	1	1	0	1	0	1	1	0	1	1	1	1	1	0
SRR11006821	1	1	1	1	1	1	1	1	-1	0	0	1	1	1	1	1	1	1	0
SRR11006772	1	1	1	1	1	1	-1	1	0	0	0	1	1	1	1	1	1	1	0
SRR11006564	1	1	1	1	1	1	1	-1	0	0	0	1	0	1	1	1	1	1	0
SRR11237942	1	1	1	1	1	1	1	0	0	0	0	1	0	-1	1	1	1	1	0
SRR11006521	1	1	1	-1	1	1	1	1	0	0	0	1	0	1	1	1	1	1	0
SRR11237955	1	1	1	1	1	1	1	0	-1	0	0	1	1	0	1	1	1	1	2
SRR11006720	1	1	-1	1	1	1	1	1	0	0	-1	0	1	1	1	1	1	1	0
SRR11006648	1	1	1	1	1	1	1	1	0	0	0	1	0	1	1	1	1	1	0
SRR11006887	1	1	1	1	-1	1	1	1	0	0	0	1	0	1	1	1	1	1	0
SRR11006865	1	1	1	1	1	1	-1	1	0	0	0	1	0	1	1	1	1	1	0
SRR11006550	1	1	1	1	1	1	1	1	0	0	0	1	0	1	1	1	1	1	0
SRR11006599	1	1	1	1	1	1	1	1	0	0	0	1	0	1	1	1	1	1	0
SRR11237949	1	1	1	1	1	1	1	1	-1	0	0	1	-1	1	1	1	1	1	0
SRR11006560	1	1	1	-1	1	1	1	1	0	0	0	1	0	1	1	1	1	1	0
SRR11006708	1	1	1	1	1	1	1	1	0	0	0	1	0	1	1	1	1	1	0
SRR11006870	1	1	1	1	1	1	1	1	0	0	0	1	1	1	1	1	1	1	0
SRR11006902	1	1	1	1	1	1	1	1	0	0	0	1	1	1	1	1	1	1	0
SRR11237950	1	1	1	1	1	1	1	1	0	0	0	1	1	1	1	1	1	1	0
SRR11006686	1	1	1	1	1	1	1	0	0	0	0	1	0	1	1	1	1	1	0
SRR11006930	1	1	1	1	1	1	1	1	0	0	0	1	0	-1	1	1	0	1	0
SRR11006582	1	1	1	1	1	1	1	1	0	0	0	1	0	-1	1	1	1	1	0
SRR11237978	1	1	1	1	1	1	1	1	0	0	1	1	-1	1	1	1	1	1	0
SRR11006726	1	1	1	1	1	1	1	1	0	0	0	1	0	1	1	1	1	1	0
SRR11006826	1	-1	1	-1	1	1	1	1	0	0	0	1	-1	1	1	1	1	1	0
SRR11006597	1	1	1	1	1	1	1	1	0	0	0	1	0	1	1	1	1	1	0
SRR11006907	1	1	1	1	1	1	1	1	1	0	0	1	0	1	1	1	1	1	0
ERR4065456	0	1	1	1	1	1	1	1	0	0	0	1	0	1	1	1	0	1	0
SRR5562864	1	1	1	1	1	1	1	1	0	0	0	1	0	1	1	1	1	1	0
SRR11196680	1	1	1	-1	1	1	1	0	0	0	0	1	0	1	1	1	1	1	0
SRR11006576	1	1	-1	1	1	1	1	1	0	0	0	1	0	1	1	1	1	1	0
SRR11006957	1	1	1	1	1	1	1	1	0	0	0	1	-1	1	1	1	1	1	2
SRR11196635	1	1	1	1	1	1	1	1	0	0	-1	1	1	1	1	1	1	1	0
SRR11100121	1	1	1	-1	1	1	1	1	0	0	0	1	0	1	1	1	1	1	2
SRR11196634	1	1	1	1	1	1	1	1	0	0	0	1	1	1	1	1	1	1	0
SRR11237991	1	1	1	1	1	1	1	1	0	-1	0	1	1	1	1	1	0	1	0
SRR11006485	1	1	1	1	1	1	1	1	0	0	0	1	0	1	1	1	1	1	0
SRR11006805	1	1	1	1	1	1	1	1	0	0	0	1	0	1	1	1	1	1	0
SRR11006640	1	1	1	1	1	1	1	1	0	0	0	1	1	1	1	1	0	1	0
SRR11006892	1	1	1	1	1	1	1	1	0	0	0	1	0	1	1	1	1	1	0
SRR11100169	1	1	1	1	1	1	1	1	0	0	0	1	0	1	1	1	1	1	0
SRR11006703	1	1	-1	1	1	1	1	1	0	0	-1	1	0	1	1	1	1	1	0
SRR11006702	1	1	1	1	1	1	1	1	0	0	1	1	-1	1	1	1	1	1	0
SRR11006890	0	1	1	1	-1	1	-1	0	0	0	0	1	0	1	1	1	1	1	0
SRR11006655	1	1	1	1	1	1	1	1	0	0	0	1	0	1	1	1	1	1	0
SRR11006565	1	0	1	1	1	1	1	1	0	0	0	1	0	1	1	1	1	1	0
SRR11196688	1	1	1	1	1	1	1	1	0	0	0	1	0	1	1	1	1	1	0
SRR11006591	1	1	1	1	1	1	1	0	0	0	0	1	0	1	1	1	1	1	0
SRR11006658	1	1	1	1	1	1	1	1	0	0	0	1	1	1	1	1	1	1	0
SRR11006667	0	1	-1	1	1	1	1	1	0	0	0	1	0	1	1	1	1	1	0
SRR11006901	1	1	1	1	1	1	1	1	0	0	0	1	0	1	1	1	1	-1	0
ERR4065465	1	1	1	1	1	1	1	1	0	0	0	1	1	1	1	1	1	1	2
SRR11006768	1	1	1	1	1	1	1	1	0	0	0	1	1	1	0	1	1	1	0
SRR11237948	1	0	1	1	1	1	1	1	0	0	0	1	0	1	1	1	1	1	0
SRR11006574	1	1	1	1	1	1	1	1	0	0	0	1	1	1	0	1	1	1	0
SRR11006747	1	1	1	-1	1	1	1	1	0	0	0	1	0	1	0	1	1	1	0
SRR11238014	1	1	-1	1	1	1	1	1	0	0	0	1	1	1	1	1	1	0	0
SRR11006827	1	-1	1	1	1	1	1	1	0	0	0	1	1	1	1	1	1	1	0
SRR11006526	-1	1	1	1	1	1	1	1	0	0	0	1	0	1	1	1	1	1	0
SRR11006611	-1	1	0	-1	1	1	1	0	0	0	0	1	0	1	1	1	1	1	0
SRR14333879	1	-1	1	1	1	1	1	1	0	0	0	1	0	1	1	1	1	1	1
SRR11238011	1	1	1	1	1	1	1	1	0	0	0	1	0	1	1	1	1	-1	0
SRR14333870	1	1	1	1	1	1	1	1	0	0	0	1	0	1	1	1	1	1	2
SRR11100174	1	1	1	1	1	1	1	0	0	0	0	1	0	1	1	-1	1	1	1
SRR11196670	1	1	1	1	1	1	1	1	0	0	0	1	0	1	1	1	1	1	0
SRR11006787	-1	1	1	1	1	1	1	1	-1	0	0	1	0	1	1	1	1	1	0
SRR11006630	1	1	1	1	1	1	1	1	0	0	1	1	1	1	1	1	1	1	0
SRR11006954	1	1	1	1	1	1	1	1	1	0	0	1	0	1	1	1	0	1	0
SRR11237964	1	1	1	1	1	1	1	1	-1	0	0	1	0	1	1	1	1	1	0
SRR11196618	1	1	1	1	1	1	1	0	0	0	0	1	0	1	1	1	1	1	0
SRR11006926	1	1	1	1	1	1	1	1	0	0	0	1	0	1	1	1	1	1	0
SRR11196644	1	1	-1	1	1	1	1	1	0	0	0	1	0	1	1	1	1	1	1
SRR11006927	1	1	1	1	1	1	-1	1	0	0	0	1	0	1	1	1	1	1	0
SRR11006779	1	1	1	1	1	1	1	1	0	0	0	1	1	1	1	1	1	0	0
SRR11006668	1	1	1	1	1	1	1	1	0	0	0	1	1	1	1	1	1	1	0
SRR11006949	1	1	1	1	0	1	1	1	0	0	-1	1	1	1	1	1	1	1	0
SRR11100186	1	1	1	1	1	1	1	1	0	0	0	1	1	1	1	1	1	1	1
SRR11196683	1	1	1	1	1	1	1	1	0	0	0	1	1	1	1	1	1	1	0
SRR11006834	1	1	1	1	1	1	1	1	0	0	0	1	0	1	1	0	1	1	0
SRR11006588	1	1	1	1	1	1	1	1	-1	0	-1	1	0	1	1	1	1	1	0
SRR11006663	1	1	1	1	1	1	1	0	0	-1	0	1	0	1	1	1	1	1	0
SRR11100122	1	1	1	1	1	1	1	1	0	0	0	1	0	1	1	1	1	1	2
SRR11238003	1	1	0	1	1	1	1	1	-1	0	0	1	0	1	1	1	1	1	0
SRR11006715	1	1	1	0	1	1	1	1	0	0	0	1	0	1	1	1	1	1	0
SRR11006803	1	1	1	1	1	1	1	-1	0	0	0	1	1	1	1	1	1	1	0
SRR11006613	1	1	1	1	1	1	1	1	0	0	0	1	0	1	1	1	1	0	0
SRR11006580	-1	1	1	1	1	1	1	1	0	0	0	1	0	1	1	1	1	1	0
SRR11100137	1	1	1	0	1	1	1	1	0	0	0	1	1	1	1	1	1	1	0
SRR11006744	1	1	1	1	1	1	1	1	0	0	0	1	1	1	1	1	1	0	0
SRR11196627	1	1	1	1	1	1	1	1	0	0	0	1	0	1	1	1	1	1	0
SRR11237930	1	1	1	1	1	1	1	1	0	0	0	1	1	1	1	1	0	1	0
SRR11006656	1	1	1	1	1	1	1	1	0	-1	0	1	0	0	1	1	1	1	0
SRR11006922	1	1	1	1	1	0	1	1	0	0	0	1	0	1	1	1	1	1	2
SRR11006679	1	1	1	1	1	1	1	1	0	0	1	1	0	0	1	1	1	1	0
SRR11006647	0	1	1	1	1	1	1	1	0	0	0	1	-1	1	1	1	1	1	0
SRR5562875	1	1	1	1	1	1	1	1	0	0	0	1	0	1	1	1	1	1	1
SRR11006590	1	1	1	1	1	1	1	1	0	0	0	1	0	1	1	1	1	1	0
SRR11196617	1	1	1	1	1	1	1	1	0	0	0	1	1	1	1	1	1	1	0
SRR11006586	1	1	1	1	1	1	1	1	0	0	0	1	0	1	1	1	1	1	0
SRR11196616	1	1	1	1	1	1	1	0	0	0	0	1	0	1	1	1	1	1	0
SRR11006750	1	1	1	1	1	1	1	1	0	0	0	1	1	1	1	1	1	1	0
SRR11006563	1	1	1	1	1	1	1	1	1	0	-1	1	0	1	1	1	1	1	0
SRR11006533	0	1	1	1	1	1	1	0	0	0	0	1	0	1	1	1	1	1	0
SRR11006751	1	1	1	-1	1	1	1	1	0	0	0	0	0	1	1	1	1	1	0
SRR11006798	1	1	1	1	1	1	1	1	0	0	0	1	0	1	1	1	1	1	0
SRR11006523	1	1	1	-1	1	1	0	1	0	0	0	1	0	1	1	1	1	1	0
SRR11006481	0	1	1	1	1	1	1	1	1	0	0	1	1	1	1	1	1	1	0
SRR11006675	-1	1	1	1	1	1	1	1	0	0	0	1	0	1	1	1	1	1	0
SRR11237988	0	1	1	-1	1	0	1	1	0	0	0	1	1	1	1	1	1	1	2
SRR11237965	1	1	1	1	-1	1	1	1	0	0	0	1	1	1	1	1	1	1	2
SRR14333862	1	1	1	1	1	1	1	0	1	0	0	1	0	1	1	1	1	1	0
SRR11006906	1	1	1	1	1	1	1	1	0	0	0	1	0	1	1	1	1	1	0
SRR11006665	1	1	1	1	1	1	1	0	0	0	0	1	1	1	1	1	1	1	0
SRR11006528	1	1	1	1	-1	1	1	0	0	0	0	1	0	1	1	1	1	1	0
SRR11006759	1	1	1	1	1	1	1	1	0	0	0	1	0	1	1	1	1	1	0
SRR11006621	1	1	1	1	1	1	1	1	0	0	0	1	1	1	1	1	1	1	0
SRR11006620	1	1	1	1	1	1	1	1	0	0	-1	0	1	1	1	1	1	1	0
SRR11196650	1	1	1	1	1	1	1	1	0	0	0	1	0	1	1	1	0	1	1
SRR11237966	1	1	1	1	1	1	1	1	0	0	0	1	0	1	1	1	1	1	1
SRR11006646	1	1	1	0	1	1	1	1	0	0	0	1	0	1	1	1	1	1	0
SRR11006953	1	1	1	1	1	1	1	1	0	0	0	1	0	1	1	1	1	1	0
SRR11006850	1	1	1	0	1	1	1	0	0	0	0	1	0	1	1	1	1	1	0
SRR11006760	1	1	0	1	1	1	1	1	0	0	0	1	0	1	1	1	1	1	0
SRR11006948	1	1	1	1	1	1	1	0	1	0	0	1	1	1	1	1	1	1	0
SRR11006717	1	1	1	1	1	1	1	1	0	0	0	1	0	1	1	1	1	1	0
SRR11006643	1	1	1	1	1	1	1	1	0	0	0	1	0	1	1	-1	1	1	0
SRR11006490	1	1	-1	1	1	1	1	1	0	0	0	1	0	1	1	1	1	1	0
SRR11006742	1	1	1	1	1	1	1	1	0	0	0	1	0	1	1	1	1	1	0
SRR11006882	1	1	-1	1	1	1	1	1	0	0	0	1	0	1	1	1	1	1	0
SRR11006757	1	1	-1	1	1	1	1	1	0	0	0	0	0	1	1	1	1	1	0
SRR11006537	1	1	1	1	1	1	1	1	0	0	0	1	0	1	1	1	1	1	0
SRR11006512	1	1	1	1	1	1	1	1	0	-1	0	1	0	1	1	1	1	1	0
SRR11006820	1	1	1	1	1	1	1	1	-1	0	0	1	0	1	1	0	1	1	0
SRR11196674	1	1	0	1	1	1	1	0	0	0	-1	1	0	1	1	1	1	1	0
SRR11100191	-1	1	0	1	1	1	1	1	0	0	0	1	0	1	1	1	1	1	0
SRR11238010	1	1	1	0	1	1	1	1	0	0	0	1	0	1	1	1	1	1	0
SRR11006603	1	1	1	1	1	1	-1	1	0	0	0	1	1	1	1	1	1	1	0
SRR11196643	1	1	1	1	1	1	1	-1	0	0	0	1	0	1	1	1	1	1	1
SRR11006923	1	1	1	-1	1	1	1	1	0	0	0	1	1	1	1	1	1	1	0
SRR11006725	0	1	1	1	1	1	1	1	0	0	0	1	1	1	1	1	1	1	0
SRR11100146	1	1	1	1	1	1	1	1	0	0	0	1	1	1	1	1	1	1	0
SRR11196651	1	1	1	1	1	1	1	1	0	0	0	1	1	1	1	1	1	1	2
SRR11006691	1	1	1	1	1	1	1	1	0	0	0	1	1	1	1	1	1	1	0
SRR11196672	1	1	1	1	1	1	1	1	0	0	0	1	1	1	1	1	1	1	0
SRR11006520	1	1	1	1	-1	1	1	1	0	0	0	1	0	1	1	1	1	0	0
SRR11006542	1	1	1	1	1	1	1	1	1	0	-1	1	0	1	1	-1	1	1	0
SRR11006746	1	1	1	1	1	1	1	0	0	0	0	1	-1	1	1	1	1	1	0
SRR11006503	1	1	1	1	1	1	1	0	0	0	0	1	1	1	0	1	1	1	0
SRR11100136	1	1	1	1	1	1	1	1	1	0	0	1	0	1	1	1	1	1	0
SRR11006797	1	1	1	1	1	1	1	0	0	0	0	1	0	1	1	1	1	1	0
SRR11100203	0	1	1	1	1	1	1	1	0	0	-1	1	0	1	1	1	1	1	0
SRR11006861	1	1	1	1	1	1	1	1	0	0	0	1	0	1	1	1	1	1	0
SRR14333876	1	1	1	1	1	1	1	1	0	0	1	1	0	1	1	1	1	1	0
SRR11100166	1	1	1	1	1	1	1	1	0	0	0	1	0	1	1	1	1	1	0
SRR11006488	1	1	1	1	1	1	1	1	0	0	0	1	0	1	1	1	1	1	0
SRR11006609	1	1	1	1	1	1	1	1	1	0	0	1	1	1	1	1	1	1	0
SRR11237975	1	1	1	1	1	1	1	1	0	0	0	1	1	1	1	1	1	1	0
SRR11006815	1	1	1	1	1	1	1	1	0	0	0	1	0	1	1	1	1	1	0
SRR11237952	1	1	1	1	1	1	1	0	0	0	0	1	0	1	1	1	1	1	2
SRR6313632	1	-1	1	1	1	1	1	1	0	0	0	1	0	1	1	1	1	1	0
SRR11006710	1	1	1	-1	1	1	1	1	0	0	0	1	0	1	1	1	1	1	0
SRR14333891	1	1	1	1	1	1	1	0	0	0	0	1	0	1	1	1	1	1	0
SRR5562858	1	1	1	1	1	1	1	1	0	0	0	1	1	1	1	1	1	1	0
SRR11006552	1	1	1	1	1	1	1	1	0	0	0	1	-1	1	1	1	1	1	0
SRR11006676	1	1	1	1	1	1	1	1	1	0	0	1	0	1	1	1	1	1	0
SRR11237940	1	1	1	1	1	1	1	1	1	0	0	1	0	1	1	1	1	1	2
SRR11006651	1	1	1	1	1	1	1	1	1	0	0	1	-1	1	1	1	1	1	0
SRR11006690	1	1	1	1	1	1	1	1	0	0	0	1	0	1	1	1	1	1	0
SRR11006695	1	1	1	1	1	1	1	-1	1	0	0	1	0	1	1	1	1	1	0
SRR11006786	1	1	1	1	1	1	1	1	0	0	0	1	1	1	1	1	1	1	0
SRR11006802	1	1	1	1	1	1	1	1	0	0	0	1	0	1	1	1	1	1	0
SRR11006920	1	1	1	1	0	1	1	1	0	0	0	1	0	1	1	1	1	1	0
SRR6313631	1	1	1	-1	1	1	1	1	0	0	0	1	1	1	1	1	1	1	2
SRR11006877	1	1	1	1	1	1	1	1	0	0	0	1	0	1	1	1	1	1	0
SRR11006619	1	1	1	1	1	1	1	1	0	0	0	1	0	1	1	1	1	1	0
SRR5562876	1	1	1	1	1	1	1	1	0	0	1	1	0	1	1	1	1	1	2
SRR11100161	1	1	1	1	1	1	1	1	0	0	0	1	1	1	1	1	1	1	0
SRR14333880	1	1	1	1	1	1	1	1	0	1	0	1	0	1	1	1	1	1	0
SRR11006844	1	1	0	1	1	1	1	1	0	1	-1	1	0	1	1	1	1	1	0
SRR11238019	1	1	1	1	1	1	1	1	0	0	0	1	0	1	1	1	1	1	1
SRR14333863	1	1	1	1	1	1	1	1	0	0	1	1	0	1	1	1	1	1	0
SRR11196655	1	1	-1	1	1	1	1	1	0	0	0	1	1	1	1	1	1	1	0
SRR11006955	1	1	1	1	1	1	1	1	0	0	0	1	1	1	1	1	1	1	2
SRR11100129	1	1	1	1	1	0	1	1	0	0	0	1	0	1	1	1	1	1	2
SRR11196647	1	1	1	1	-1	1	1	1	-1	0	0	1	0	1	1	1	1	1	1
SRR11196622	1	1	1	1	1	1	1	1	0	0	0	1	0	1	1	1	1	0	0
SRR11237977	1	1	1	1	1	1	1	1	0	0	0	0	0	1	-1	1	1	1	0
SRR11196675	-1	1	1	-1	1	1	1	1	0	0	0	1	1	1	1	1	1	1	0
SRR11006673	1	1	1	1	1	1	1	1	0	0	0	1	0	1	1	1	1	1	0
SRR11006904	1	1	1	1	1	1	1	1	1	0	0	1	0	1	1	1	1	1	0
SRR11006799	1	1	1	1	1	1	1	1	0	0	1	1	1	1	1	1	1	1	0
SRR11006933	1	1	0	1	1	1	1	1	0	0	0	1	0	1	1	1	1	1	2
SRR11196628	0	1	1	1	1	1	1	1	0	0	0	1	1	1	1	1	1	1	0
SRR11196621	1	1	1	1	1	1	1	1	0	0	0	1	0	1	1	0	1	1	0
SRR11006810	1	1	1	1	0	1	1	1	0	0	0	1	1	1	1	1	1	1	0
SRR11006873	1	1	1	1	1	1	1	0	0	0	0	1	1	1	1	1	1	1	0
SRR11006714	1	1	1	1	1	1	1	1	0	0	0	1	0	1	1	0	1	1	0
SRR11006848	1	1	1	-1	1	1	1	1	-1	0	0	1	0	1	1	1	1	1	2
SRR11100111	-1	1	1	1	1	1	0	1	0	0	0	1	0	1	1	1	1	1	0
SRR11006670	1	-1	1	1	1	1	1	1	0	0	0	1	0	1	1	1	1	1	0
SRR14333860	1	1	1	1	1	1	1	1	-1	0	0	1	0	1	1	1	1	1	1
SRR11006606	1	1	1	1	1	1	1	1	0	0	-1	1	0	1	1	1	1	1	0
SRR11006479	1	1	1	1	1	1	1	1	0	0	0	1	1	1	0	1	1	1	0
SRR11196624	-1	1	1	1	1	1	1	1	0	0	0	1	1	1	1	1	1	1	0
SRR11006724	1	1	1	-1	1	1	1	1	0	0	0	1	1	1	1	1	1	1	0
SRR11006641	1	1	1	1	1	1	1	1	0	0	0	1	1	1	1	1	1	1	0
SRR11006516	1	1	1	1	1	1	1	1	0	0	0	1	1	1	1	1	1	1	0
SRR11006633	1	1	1	1	1	1	1	1	0	0	0	1	0	1	1	1	1	1	0
SRR11006792	1	1	1	1	1	1	1	1	0	0	0	1	1	1	1	1	1	1	0
SRR11006605	1	1	1	1	1	1	1	1	0	0	0	1	0	1	0	1	1	1	0
SRR11006864	1	1	1	0	1	1	1	1	0	0	0	1	1	1	1	1	1	1	0
SRR11006684	1	1	1	1	1	1	1	1	0	0	0	1	1	1	1	1	1	1	0
SRR11006900	1	1	1	0	1	1	1	0	0	0	0	1	0	1	1	1	1	1	2
SRR11006735	1	1	1	1	1	1	1	1	-1	0	0	1	0	1	1	1	1	1	0
SRR11196685	1	1	1	1	1	1	1	1	0	0	0	1	0	1	1	1	1	1	0
SRR11006538	1	1	1	1	1	1	1	0	0	0	0	1	0	1	1	1	1	1	0
SRR11006497	1	1	1	1	1	1	1	0	0	0	0	1	0	1	1	1	1	1	0
SRR11006532	1	-1	1	1	-1	1	1	1	0	0	0	1	1	1	1	1	1	1	0
SRR11006525	1	1	1	1	1	1	1	1	0	0	0	1	1	1	1	1	1	1	0
SRR11006812	1	1	1	1	1	1	1	1	0	0	0	1	1	1	1	1	1	0	0
SRR11196640	1	1	1	-1	1	1	1	1	0	0	0	1	1	1	1	1	1	1	0
SRR11006713	1	1	1	1	1	1	1	1	0	0	0	1	0	1	1	1	1	1	0
SRR11006819	1	1	1	1	1	1	1	-1	0	0	0	1	0	1	1	1	1	1	0
SRR11196654	1	1	1	1	1	1	1	1	0	0	0	1	0	1	1	1	1	1	0
SRR11006650	1	1	1	1	1	1	1	1	-1	0	0	1	1	1	1	1	1	1	0
SRR11006829	0	1	1	1	1	1	1	1	0	0	0	1	1	1	1	1	1	1	0
SRR11006699	1	1	1	-1	1	1	1	1	0	0	0	1	0	1	1	1	1	1	0
SRR11006753	1	1	1	-1	1	1	1	1	0	0	1	1	-1	1	1	1	1	1	0
SRR11238002	1	1	1	1	1	1	1	1	0	0	0	1	1	1	1	1	1	1	0
SRR11006671	1	1	1	1	1	1	1	1	0	0	0	1	1	1	1	1	1	1	2
SRR11006654	1	1	1	1	1	1	1	1	0	0	0	1	-1	1	1	1	1	1	0
SRR11006674	1	1	-1	0	1	1	1	0	1	0	0	1	0	1	1	1	1	1	0
SRR11100154	1	1	1	1	1	1	1	1	0	0	0	1	0	1	1	1	1	1	0
SRR11006623	1	1	1	1	1	1	1	1	-1	0	0	1	0	1	1	1	1	1	0
SRR11196629	1	1	1	1	1	1	1	0	0	0	-1	1	1	1	1	1	1	1	0
SRR11006577	1	1	1	1	1	1	1	1	0	0	-1	1	0	1	1	1	1	1	0
SRR11006862	0	1	1	1	1	1	1	1	-1	0	1	1	0	1	1	1	1	1	0
SRR11196665	1	1	1	1	1	1	1	-1	0	0	0	1	1	1	1	1	1	1	0
SRR11006835	1	-1	1	1	1	1	1	1	0	0	0	1	0	1	1	1	1	1	0
SRR11100183	1	1	1	1	1	1	1	1	0	0	0	1	0	1	1	1	1	1	0
SRR5562854	1	1	1	1	1	1	1	1	0	0	0	1	1	1	1	1	1	1	0
ERR4065462	-1	1	-1	1	1	1	1	1	0	0	0	1	0	1	1	1	1	1	0
SRR11100159	1	1	1	1	1	1	1	1	0	0	0	1	0	1	1	1	1	1	2
SRR11237933	1	1	1	1	1	1	1	1	0	0	-1	1	0	1	1	1	1	-1	0
SRR11006913	1	1	1	1	1	1	1	1	0	0	0	1	0	1	1	1	1	1	0
SRR11006545	1	1	1	-1	1	1	1	1	0	0	0	1	0	1	1	1	1	1	0
SRR11006712	1	1	1	1	1	1	1	1	0	0	0	0	1	1	1	1	1	1	0
SRR11006734	1	1	1	1	1	1	1	1	0	0	0	1	0	1	1	1	1	1	0
SRR11196660	1	1	1	1	1	1	1	1	0	0	0	1	0	1	1	1	1	1	0
SRR11196645	1	1	1	1	1	1	1	1	0	0	0	1	1	1	1	1	1	1	0
SRR11006748	1	1	1	1	1	1	1	1	0	0	0	1	1	1	1	1	1	1	0
SRR11006843	1	1	1	1	1	1	1	1	0	0	0	1	0	1	1	1	1	1	0
SRR11006489	1	1	0	1	1	1	1	1	0	0	0	1	0	1	1	1	1	1	0
ERR4065472	1	1	1	1	1	1	1	1	0	0	0	1	0	1	1	1	1	1	2
SRR11006557	1	1	1	1	1	1	1	1	0	0	0	1	0	1	1	1	1	1	0
SRR11196656	1	1	1	1	1	1	1	1	0	0	0	1	0	1	1	1	1	1	0
SRR11100142	1	1	1	1	1	1	1	0	0	0	0	1	0	1	1	1	1	1	0
SRR11006766	0	1	1	1	1	1	1	1	0	0	0	0	0	1	1	1	1	1	0
SRR11237936	1	1	1	1	1	1	1	1	0	0	0	1	0	1	1	1	1	1	0
SRR11006628	1	1	1	1	1	1	1	1	0	0	-1	1	1	1	1	1	1	1	0
SRR11006498	1	1	1	-1	1	1	1	1	0	0	0	1	0	1	1	1	1	1	0
SRR11100112	0	1	1	1	1	1	1	1	0	0	0	1	-1	1	1	1	1	1	0
SRR11006524	1	1	1	1	1	1	1	1	1	0	0	1	1	1	1	1	1	1	0
SRR14196803	1	1	1	1	1	1	1	1	0	0	0	1	0	1	1	1	1	1	2
SRR11237982	1	1	0	1	1	1	1	1	0	0	0	1	1	1	1	1	1	-1	2
SRR11006553	1	1	1	1	0	1	1	1	0	0	0	1	0	1	1	1	1	1	0
SRR11100147	1	1	1	1	1	1	1	1	0	0	0	1	0	1	1	1	1	1	0
SRR11006700	1	1	1	1	1	1	-1	1	0	0	0	1	0	1	1	1	1	1	0
SRR11006652	1	1	1	1	1	1	1	1	0	1	0	1	0	1	1	1	1	1	0
SRR11237997	1	1	1	1	1	1	1	1	0	0	0	1	1	1	1	1	1	1	0
SRR11006774	1	1	1	1	0	1	1	-1	0	0	0	1	0	1	1	1	1	1	0
SRR11238008	1	1	1	1	1	1	-1	1	0	0	0	1	0	1	1	1	1	1	0
SRR11006881	-1	1	1	-1	1	1	1	0	0	0	0	1	0	1	1	1	1	1	0
SRR11100131	1	1	1	1	1	1	1	1	0	0	0	1	1	1	1	1	1	1	2
SRR14333859	1	1	-1	1	1	1	-1	1	0	0	1	1	0	1	1	1	1	1	2
SRR11006568	1	1	1	-1	1	1	1	1	0	0	0	1	0	1	0	1	1	1	0
SRR11006924	1	1	1	1	1	1	1	1	0	0	0	1	0	1	1	1	1	1	0
ERR4065468	1	1	1	1	1	1	1	1	0	0	1	1	1	1	1	1	1	1	2
SRR11006631	1	1	1	1	1	1	1	1	1	0	0	1	0	1	1	1	1	1	0
SRR5562877	1	1	1	1	1	1	1	1	0	0	0	1	1	1	1	1	1	1	0
SRR11006801	1	1	-1	1	1	1	1	1	0	0	0	1	1	1	1	1	0	1	0
SRR11006836	1	1	-1	1	1	1	1	1	1	0	1	1	0	1	1	1	1	1	0
SRR11006661	1	1	1	1	1	1	1	1	1	0	-1	1	1	1	1	1	1	1	0
SRR11006791	1	1	1	1	1	1	1	1	1	0	0	1	0	1	1	1	1	0	0
SRR11006527	0	1	1	1	1	1	1	1	1	0	0	1	1	1	1	1	1	1	0
SRR11006559	1	1	1	1	1	1	1	1	0	0	0	1	0	1	1	1	1	1	0
SRR14333877	1	1	1	1	1	1	1	1	-1	0	0	1	1	1	1	1	1	1	0
SRR14333858	1	1	1	-1	1	1	1	1	0	0	0	1	0	1	1	1	1	1	2
ERR4065459	1	1	1	-1	1	1	1	1	0	0	0	1	1	1	1	-1	1	0	0
SRR11006693	1	1	1	1	1	1	1	1	0	0	0	1	0	1	1	1	1	1	2
SRR11006719	1	-1	1	1	1	1	1	1	0	0	0	1	0	1	1	1	1	1	0
SRR11006672	1	1	1	1	1	1	1	1	-1	0	0	1	-1	1	0	1	0	1	0
SRR11006914	1	1	1	0	1	1	1	1	1	0	-1	1	0	1	1	1	1	-1	0
SRR11006851	1	1	1	1	-1	1	1	1	0	0	0	1	0	1	1	1	1	1	0
SRR11006868	1	1	1	1	1	1	1	1	0	0	-1	1	0	1	1	1	1	1	0
SRR11100149	1	1	1	1	1	1	1	0	0	0	0	1	1	1	1	1	1	1	0
SRR11006666	1	1	1	1	1	1	1	1	0	0	-1	1	0	1	1	1	1	1	0
SRR11006706	-1	1	1	1	1	1	1	1	0	0	0	1	0	1	1	1	1	1	0
SRR11237992	1	-1	1	1	1	1	1	1	0	0	0	1	0	1	1	1	1	1	0
SRR11006767	1	1	1	1	1	1	1	1	0	0	0	1	1	1	1	1	1	1	0
SRR6313629	0	1	1	1	1	1	1	1	0	-1	0	1	0	1	1	1	1	1	0
SRR11006895	1	1	1	1	1	1	1	1	0	0	0	1	1	1	1	1	1	1	0
SRR11006649	1	1	1	1	1	1	1	1	1	0	0	1	0	1	1	1	1	1	0
SRR11006908	1	1	1	1	1	1	1	1	0	0	0	1	0	1	1	1	1	1	0
SRR11006944	1	1	1	1	1	1	1	1	0	0	0	1	0	1	1	1	1	1	2
SRR11006909	1	1	1	1	1	1	1	1	0	0	0	1	0	1	1	1	1	1	0
SRR11006616	1	1	1	1	1	1	1	1	0	0	0	1	1	1	1	1	1	1	0
ERR4065473	1	1	1	1	1	1	1	0	0	0	0	1	1	1	1	1	1	1	2
SRR11006856	1	1	1	1	1	1	1	1	0	0	0	0	0	1	1	1	1	1	2
SRR11006596	1	1	1	1	1	1	1	1	0	0	0	1	1	1	1	1	1	1	0
SRR11006807	1	1	1	1	1	1	1	1	0	0	0	1	0	1	0	1	1	1	0
SRR11006740	1	1	1	1	1	1	1	1	0	0	0	1	1	1	1	1	1	1	0
SRR11100109	1	1	1	-1	1	1	1	1	0	0	-1	1	0	1	1	1	1	1	2
SRR11006727	1	1	1	1	1	1	-1	1	0	0	0	1	0	1	1	1	1	1	0
SRR14196807	1	1	1	1	1	1	1	1	0	0	0	1	0	1	1	1	1	1	0
SRR11006778	1	1	1	1	1	1	1	1	0	-1	0	1	1	1	1	1	1	1	0
SRR11006721	1	1	1	1	1	1	1	1	0	1	0	0	1	1	1	1	1	0	0
SRR11100113	1	1	1	-1	1	1	0	1	0	0	1	1	0	1	1	1	1	1	2
SRR11237937	1	1	1	1	1	1	1	1	0	0	0	1	0	1	1	-1	1	1	0
SRR11006546	1	1	1	1	1	1	1	1	0	0	0	1	1	1	1	1	1	1	0
SRR11100133	1	1	1	1	1	1	1	0	0	0	0	1	0	1	1	1	1	1	2
SRR11196630	1	1	1	1	1	1	-1	0	-1	0	0	1	0	1	1	1	1	1	0
SRR11196613	1	1	1	1	1	1	1	1	0	0	0	1	1	1	1	1	1	1	2
ERR4065470	0	1	1	-1	1	1	1	1	0	0	0	1	0	1	1	1	1	1	2
SRR11006775	1	1	1	1	1	1	1	1	1	0	0	1	0	1	1	1	1	1	0
SRR11006659	1	1	1	1	1	1	1	-1	0	0	1	1	0	1	1	1	1	1	0
SRR11006789	1	1	1	1	1	1	1	1	0	0	0	1	0	1	1	1	1	1	0
SRR11006491	1	1	1	1	1	1	1	1	1	0	0	1	1	1	1	1	1	1	0
SRR5562866	1	1	1	1	1	1	1	1	0	-1	0	1	-1	1	1	1	1	1	0
SRR11006681	1	1	1	1	1	1	1	1	-1	0	0	1	0	1	1	1	1	1	0
SRR11006617	1	1	1	1	1	1	1	1	0	0	0	1	0	1	1	1	1	1	0
SRR11006863	1	1	1	-1	1	1	1	1	0	0	0	1	1	1	1	1	1	1	0
SRR11006637	1	1	1	1	1	1	1	1	-1	0	0	1	0	1	1	1	1	1	0
SRR11100177	1	1	1	1	1	1	1	1	0	0	0	1	0	1	1	1	1	1	0
SRR11196642	1	1	1	1	1	1	1	1	0	0	0	1	0	1	1	1	1	1	0
SRR11196667	1	1	1	1	1	1	1	1	0	0	-1	1	1	1	1	1	1	1	0
SRR11006854	1	1	-1	1	1	1	1	1	0	0	0	1	-1	1	1	1	1	1	0
SRR14333878	1	1	1	1	1	1	1	1	0	0	0	1	0	1	1	1	1	1	0
SRR11006687	1	1	1	1	1	1	1	1	0	0	0	1	1	1	1	0	1	1	0
SRR11006487	1	1	1	1	1	1	1	1	0	0	0	1	0	1	1	1	1	1	2
SRR11006756	1	1	1	1	1	1	1	1	0	0	0	0	0	1	1	1	1	1	0
SRR9959082	1	1	1	1	1	1	1	1	0	0	0	0	0	1	1	1	1	1	0
SRR11006931	1	1	1	1	1	1	1	1	0	0	0	1	0	1	1	1	1	1	0
SRR11196641	1	1	1	1	1	1	1	1	-1	0	0	0	0	1	1	1	1	1	0
SRR11100139	1	1	1	-1	-1	1	1	1	0	0	0	0	0	1	0	1	1	1	0
SRR11006840	1	1	1	1	1	1	1	1	-1	0	0	1	0	1	1	1	1	1	0
SRR5562878	1	1	1	1	1	1	1	1	0	0	0	1	0	1	1	-1	1	1	2
SRR11238009	1	1	1	1	1	1	1	0	0	0	0	1	0	1	1	1	1	1	2
SRR11006814	1	1	1	-1	1	1	-1	1	0	0	0	1	1	-1	1	1	1	1	0
SRR11006507	1	1	1	1	1	1	-1	1	0	0	0	1	0	1	1	-1	1	1	0
SRR11100200	1	1	0	-1	1	1	1	1	0	0	0	1	0	1	1	1	1	1	0
SRR11006662	1	1	1	1	1	1	-1	1	0	0	0	1	0	1	0	1	1	1	0
SRR11006722	1	1	1	1	1	1	1	1	0	0	-1	0	0	1	1	1	1	1	0
SRR11006833	1	1	-1	1	1	1	1	1	0	0	0	1	0	1	1	1	1	1	0
SRR11006622	1	1	1	1	1	1	1	1	0	0	0	1	0	1	1	1	1	1	0
SRR11006857	1	1	1	1	1	1	1	1	0	0	0	1	1	1	1	1	1	1	0
SRR11006585	1	1	1	1	1	1	1	1	0	0	0	1	0	1	1	1	1	1	0
SRR5562868	1	-1	1	1	1	1	1	1	0	0	0	1	0	1	1	1	1	1	2
SRR11006567	1	1	1	1	1	1	1	1	0	0	0	1	0	1	1	1	1	1	0
SRR11196664	1	1	1	1	1	1	1	1	0	0	1	1	1	1	1	1	1	1	0
SRR11196636	1	1	1	1	1	1	1	1	0	0	0	1	0	1	1	0	1	1	0
SRR11006941	1	1	0	1	1	1	1	1	0	0	0	1	0	1	1	1	1	1	0
SRR11006607	1	1	1	1	1	1	1	1	0	0	0	1	-1	1	1	1	1	1	0
SRR11006852	1	1	1	1	1	1	1	1	0	0	0	1	0	1	1	1	1	1	0
SRR11196659	1	1	1	1	1	1	1	1	0	0	0	1	0	1	1	1	1	1	0
SRR11100141	1	1	1	1	1	1	1	1	1	0	0	1	0	1	1	1	1	1	2
SRR11006912	1	1	1	1	1	1	1	1	0	0	0	1	0	1	1	1	1	1	0
ERR4065455	1	1	1	1	1	1	1	1	0	0	-1	1	1	1	1	1	1	1	0
SRR11006800	1	1	1	1	1	1	1	1	0	0	0	1	0	1	1	-1	1	1	0
SRR11006483	1	1	1	1	1	1	1	1	0	0	0	1	1	1	1	1	1	1	0
SRR11006917	1	1	1	-1	1	1	1	1	0	0	0	1	1	1	1	1	1	1	0
SRR11006808	1	1	1	1	1	1	1	1	0	0	0	1	1	1	1	1	1	1	0
SRR11006566	1	1	1	1	1	1	1	1	0	0	0	1	0	1	1	1	1	1	0
SRR11006541	1	1	1	1	1	1	1	1	0	0	0	1	1	1	1	1	0	1	0
SRR11006551	1	1	1	1	1	1	1	1	0	0	0	1	0	1	1	1	1	1	0
SRR11006584	1	1	1	1	1	1	1	1	0	0	0	1	1	1	1	1	1	1	0
SRR11006745	1	1	1	1	1	1	-1	1	0	0	0	1	0	1	1	1	1	1	0
SRR11006478	1	1	1	1	1	1	1	1	0	0	0	1	0	1	1	1	1	1	0
SRR11006859	1	1	1	1	1	1	1	1	0	0	0	1	0	1	1	1	1	1	0
SRR11006950	1	1	1	-1	1	1	1	0	1	0	0	1	0	1	1	1	1	1	0
SRR11196620	1	1	1	1	1	1	1	1	0	0	0	1	0	1	1	1	1	1	0
SRR11100170	1	1	1	-1	1	1	1	1	0	0	0	1	1	1	1	1	1	1	0
SRR11006615	1	0	1	-1	1	1	1	1	0	0	0	1	0	1	1	1	1	1	0
SRR11237989	1	1	1	-1	1	1	1	1	0	0	1	1	-1	1	1	1	1	1	0
SRR11006517	1	1	1	1	1	1	1	1	0	0	0	1	0	1	1	1	1	1	0
SRR11006601	1	1	1	1	1	1	1	0	0	0	0	1	1	1	1	1	1	1	0
SRR11006705	-1	1	1	1	1	1	1	1	0	0	0	1	1	1	1	1	1	1	0
SRR11006685	1	1	1	1	1	1	1	1	0	0	0	1	-1	1	1	1	1	1	0
SRR11006897	1	1	1	1	1	1	1	1	0	0	0	1	1	1	0	1	1	1	0
SRR11006504	1	1	1	1	1	1	1	0	0	0	0	1	1	1	1	1	1	1	0
SRR11006554	1	1	1	1	1	1	1	1	1	0	0	1	0	1	0	1	1	1	0
SRR11100157	1	1	1	1	1	1	1	-1	0	0	0	1	0	1	1	1	1	1	0
SRR11238020	1	1	1	1	1	1	1	1	0	0	-1	1	1	1	1	1	1	1	0
SRR11006729	1	1	1	1	1	1	1	1	0	0	0	1	0	1	1	1	1	1	0
SRR11006898	1	1	1	1	1	1	1	1	0	0	-1	1	0	1	1	1	1	1	0
SRR11006847	1	1	1	0	1	1	1	1	0	0	0	1	0	1	1	1	1	1	0
SRR11006515	1	1	1	-1	1	1	1	1	0	0	0	1	0	1	1	1	1	1	0
SRR11006709	1	1	1	1	1	1	1	1	0	0	0	1	0	1	1	1	1	1	0
SRR11196625	1	1	1	1	1	1	1	0	0	0	0	1	0	1	1	1	1	1	0
SRR11006825	1	1	1	1	1	1	1	0	0	0	0	1	0	1	1	1	1	0	0
SRR11196678	1	1	1	1	1	1	1	1	0	0	0	1	1	1	1	1	1	1	0
SRR5562869	1	1	1	1	1	1	1	0	0	0	0	1	0	1	1	1	1	-1	0
SRR11006514	1	1	1	1	1	1	1	1	1	0	0	1	0	1	1	1	1	1	0
SRR11100185	1	1	1	1	1	1	1	1	0	0	0	1	1	1	1	1	1	1	0
SRR11006486	1	1	1	1	1	1	1	1	0	0	0	1	0	1	1	-1	1	1	0
SRR11006594	1	1	1	1	-1	1	1	1	0	0	1	1	0	1	1	1	1	1	0
SRR11006936	1	1	1	-1	1	1	1	1	0	0	0	1	0	1	1	1	1	1	0
SRR11006841	1	1	1	1	1	1	-1	1	0	0	0	1	0	1	1	1	1	1	0
SRR11100184	-1	1	0	1	1	1	1	1	0	0	0	1	0	1	1	1	1	1	1
SRR11006689	1	1	1	1	1	1	1	1	0	0	0	1	0	1	1	1	1	1	0
SRR11006716	1	1	1	1	1	1	1	1	0	0	0	0	0	1	1	1	1	1	0
SRR11006660	1	1	0	1	1	1	1	1	0	0	0	1	0	1	1	1	1	1	2
SRR11006783	1	1	1	1	1	1	1	0	0	0	0	1	1	1	1	1	1	1	0
SRR11006632	1	1	1	1	1	1	1	1	0	0	0	1	0	1	1	1	1	1	0
SRR11237945	1	1	1	1	1	1	1	1	0	0	0	1	0	1	1	1	1	1	0
SRR11006529	1	1	1	1	1	1	1	1	1	0	1	1	1	1	1	1	1	1	0
SRR11006680	1	1	1	1	1	1	1	1	0	0	1	1	0	1	1	1	1	1	0
SRR11237972	1	1	1	1	1	1	1	1	0	0	0	1	0	1	1	1	0	1	0
SRR11006878	1	1	1	-1	0	1	1	1	0	0	0	1	1	1	1	1	1	1	2
SRR11196649	1	1	1	0	1	1	1	1	0	0	0	1	0	1	1	1	1	1	1
SRR11006598	1	1	1	1	1	1	1	0	0	0	0	1	0	1	1	0	1	1	2
SRR11006773	1	1	1	1	1	1	1	1	0	0	0	1	0	1	1	0	1	1	0
SRR11238007	1	1	1	1	1	1	1	1	0	1	0	1	1	1	1	1	1	1	0
SRR11006677	1	1	1	1	1	1	1	1	0	0	0	1	0	1	1	1	1	1	0
SRR11006817	1	1	1	1	1	1	-1	1	1	0	0	1	0	1	1	1	1	1	0
SRR11006593	1	1	1	1	1	1	1	0	0	0	0	1	0	1	1	1	1	1	0
SRR11006600	1	1	1	-1	1	1	1	0	0	0	0	1	1	1	1	1	1	1	0
SRR11006493	1	1	1	1	1	1	1	1	1	0	0	1	0	1	1	1	1	1	0
SRR11006874	1	1	1	1	1	1	-1	1	0	0	-1	1	1	1	1	1	1	1	0
SRR14196805	1	1	1	1	-1	1	-1	1	0	0	0	1	0	1	1	1	1	-1	0
SRR11006867	1	1	1	1	1	1	1	1	0	0	0	1	0	1	1	1	1	1	2
SRR11006794	0	1	1	-1	1	1	-1	1	0	0	0	1	1	1	1	1	1	1	0
SRR11006796	1	1	1	1	1	1	1	1	1	0	0	1	1	1	1	1	1	1	0
SRR11006911	1	-1	1	1	1	1	1	1	0	0	0	1	0	1	1	1	1	-1	2
ERR4065457	1	1	1	1	1	1	1	1	0	0	0	0	0	1	-1	1	1	1	0
SRR11006884	1	1	1	1	1	1	1	1	0	0	0	1	1	1	1	-1	1	1	0
SRR11100202	1	1	1	1	1	1	0	1	0	0	0	1	0	1	1	1	1	1	0
SRR11006754	1	1	1	1	1	1	1	1	0	0	0	1	0	1	1	1	1	1	0
SRR11006484	1	1	1	1	1	1	1	1	0	0	-1	1	0	1	1	1	1	1	0
SRR11006934	1	1	-1	1	1	1	1	1	0	0	0	1	1	1	1	1	1	1	0
SRR11006678	1	1	1	1	1	1	1	0	0	0	0	1	0	1	1	1	1	1	0
SRR11100178	1	1	1	1	1	1	1	1	0	0	0	1	0	1	1	1	1	1	0
SRR11196632	1	1	1	1	1	1	1	1	0	0	0	1	0	1	1	1	1	1	0
SRR11006556	1	1	1	-1	1	1	1	1	0	0	0	1	0	1	1	1	1	1	0
SRR11006758	1	-1	1	1	1	1	1	1	0	0	0	1	-1	1	1	1	1	1	0
SRR11006728	1	1	1	1	1	1	1	1	0	0	0	1	1	1	1	1	1	1	0
SRR11196662	-1	1	1	1	1	1	1	1	0	0	0	1	0	1	1	1	1	1	0
SRR11196679	1	1	0	1	1	1	1	1	0	0	0	1	0	1	1	1	1	1	0
SRR11006692	1	1	1	1	1	1	1	1	0	0	0	1	-1	1	1	1	1	1	0
SRR11006569	1	1	1	-1	1	1	1	1	0	0	0	1	0	1	1	1	1	1	0
SRR11006502	1	1	1	1	1	1	1	1	0	0	0	1	0	1	1	1	1	1	0
SRR11006583	1	1	1	1	1	1	1	1	0	0	-1	1	0	1	1	1	1	1	0
SRR11006951	1	1	1	1	1	1	1	1	0	0	0	1	0	1	1	1	1	1	0
SRR11006634	1	1	0	1	1	1	1	1	0	0	1	1	1	1	1	1	1	1	0
SRR11006776	1	1	1	1	1	1	1	1	1	0	0	1	-1	1	1	1	1	1	0
SRR11196676	1	1	1	1	1	1	1	1	0	0	0	1	0	1	1	1	1	0	0
SRR11006534	1	1	1	1	1	1	1	0	0	0	0	1	0	1	1	1	1	1	0
SRR11196687	1	1	1	1	1	1	1	1	0	0	0	1	-1	1	1	1	1	1	0
SRR11006921	1	1	1	1	1	1	1	1	0	0	0	1	1	1	1	1	1	1	0
SRR11006704	1	1	1	1	1	1	1	1	0	0	0	1	0	1	1	1	1	1	2
SRR11006570	1	1	1	1	1	1	1	0	0	0	0	1	0	1	1	1	1	1	0
SRR11006935	1	1	1	1	1	1	1	1	0	0	0	1	0	1	1	1	1	1	0
SRR11006813	1	1	1	1	1	1	1	1	0	0	0	1	0	1	1	0	1	1	0
SRR11006494	1	1	-1	1	1	1	1	0	1	0	0	1	0	1	1	1	1	1	0
SRR11006885	1	1	1	1	1	1	1	1	0	0	0	1	0	1	1	1	1	1	0
SRR11196638	1	1	1	1	1	1	1	0	0	0	0	1	0	1	1	1	1	1	0
SRR11006929	1	1	1	1	1	1	1	1	0	1	0	1	1	0	1	1	1	1	0
SRR11006578	1	1	-1	1	1	1	1	1	0	0	0	1	0	1	1	1	1	1	0
SRR11100167	1	1	1	1	1	1	1	1	0	0	0	1	0	1	1	1	1	1	0
SRR11006919	1	1	1	1	1	1	1	1	0	0	0	1	1	1	1	1	1	1	0
SRR11006548	1	1	1	1	1	1	1	1	1	0	0	1	1	1	1	1	1	-1	0
SRR11006664	1	1	1	1	1	1	1	1	0	0	0	1	0	1	1	1	1	1	0
SRR5562873	1	1	1	1	1	1	1	1	0	0	0	1	0	1	1	1	1	1	0
SRR11100176	1	1	1	-1	1	1	1	1	0	0	0	1	0	1	1	1	1	0	0
SRR11100104	1	0	1	1	1	1	1	1	1	0	0	1	0	1	1	1	1	1	1
SRR11196646	1	1	1	1	1	1	1	1	0	0	0	1	0	1	1	1	1	1	1
SRR11006737	1	1	1	-1	1	1	1	1	0	0	0	1	0	1	1	1	1	1	0
SRR11006697	1	1	1	0	1	1	1	1	0	0	0	1	1	1	1	1	1	1	0
SRR11006505	1	1	1	1	1	1	1	1	0	0	0	1	0	1	1	1	1	1	0
SRR11006636	1	1	1	1	1	1	1	1	0	0	0	1	0	1	1	1	1	1	0
SRR11196681	1	1	1	1	1	1	1	1	0	0	0	0	0	1	1	1	1	1	0
SRR11006698	1	0	1	1	-1	1	1	1	0	0	0	1	0	1	1	1	1	1	0
SRR9959083	1	1	1	1	1	1	1	1	0	0	0	0	0	1	1	1	1	1	0
SRR11196653	1	1	1	1	1	1	1	1	0	0	0	1	0	1	1	1	1	1	0
SRR11237939	1	1	1	1	1	1	1	0	0	0	0	1	0	1	1	1	1	1	0
SRR11006694	1	1	1	1	1	1	1	1	0	0	-1	1	0	1	1	1	1	0	0
SRR11196611	1	1	1	1	1	1	1	1	0	0	0	0	1	1	1	1	1	1	2
SRR5562871	1	-1	1	1	1	1	1	0	-1	0	0	1	1	1	1	1	1	1	0
SRR11196614	1	1	1	1	1	1	1	1	-1	0	0	1	0	1	1	1	1	1	1
SRR11237999	1	1	1	1	1	1	1	1	0	0	0	1	0	1	1	1	1	1	2
SRR11196631	1	-1	1	1	1	1	1	1	0	0	0	0	0	1	1	1	1	1	0
SRR11006501	1	1	1	1	1	1	1	1	0	0	0	1	0	1	1	1	1	1	0
SRR5562879	1	1	1	1	1	1	-1	1	0	1	0	1	-1	1	-1	1	1	1	1
SRR11006604	1	1	1	1	1	1	1	1	1	0	1	1	0	1	1	1	1	1	0
SRR11006506	1	1	1	1	1	1	1	1	0	0	0	1	0	1	1	1	1	1	0
SRR11006638	1	1	1	1	1	1	1	1	0	0	0	1	0	1	1	1	1	1	0
SRR11100134	1	1	1	1	1	1	1	1	0	0	0	1	0	1	1	1	0	1	0
SRR11006806	1	1	-1	-1	1	1	0	0	0	0	0	1	-1	1	1	1	1	1	0
SRR11006608	-1	1	1	1	1	1	1	1	0	0	0	1	0	1	1	1	1	1	0
SRR11100171	1	1	1	1	1	1	1	1	0	0	0	1	1	1	1	1	1	1	2
SRR11238006	1	1	1	1	1	1	1	1	0	0	0	0	0	1	1	1	1	1	0
SRR11006824	1	1	1	1	1	1	1	1	0	0	0	1	0	1	1	-1	1	1	0
SRR11006932	1	1	1	1	1	1	1	1	0	0	0	1	1	1	1	1	1	1	0
SRR11237944	1	1	1	1	1	1	1	1	0	0	-1	1	0	1	1	1	0	1	0
SRR11006736	1	1	1	1	1	1	1	1	0	0	0	1	1	1	1	1	1	-1	0
SRR11237929	1	1	1	-1	1	1	0	-1	0	0	0	1	1	1	1	1	1	1	0
SRR11006731	1	1	1	1	1	1	1	1	0	0	0	1	1	1	1	1	1	1	0
SRR11100150	1	1	1	1	1	1	1	1	0	0	0	1	0	1	1	1	1	1	0
SRR11196648	1	1	1	1	1	1	1	1	0	0	0	0	1	1	1	1	1	1	2
SRR11006893	1	1	1	1	1	1	1	1	0	0	0	1	1	1	1	1	1	1	0
SRR11100128	1	1	1	1	1	1	1	1	0	-1	0	1	0	1	1	1	1	1	2
SRR11006718	1	1	1	-1	1	1	1	1	0	0	0	0	1	1	1	1	1	1	0
SRR11006839	1	1	1	1	1	1	1	1	0	0	0	1	0	1	1	1	1	1	0
SRR11006741	1	1	1	1	1	1	1	1	0	0	0	1	0	1	1	1	1	1	0
SRR11006940	1	1	1	1	1	1	0	1	0	0	0	1	0	1	1	1	1	1	0
SRR14333871	-1	-1	1	-1	1	1	1	1	0	0	0	1	0	1	1	1	1	0	2
SRR11006635	1	1	1	1	1	1	1	1	0	0	0	1	0	1	1	1	1	1	0
SRR11006945	1	1	1	1	1	1	1	0	0	0	0	1	1	1	1	1	1	1	0
SRR5519646	1	1	1	1	1	1	1	0	0	0	0	1	0	1	1	1	1	1	0
SRR11238004	1	1	1	1	1	1	1	1	0	0	0	1	1	1	1	1	1	1	0
SRR11006645	1	1	1	0	1	1	1	1	0	0	0	1	0	1	1	1	1	1	0
SRR11006832	1	1	1	1	1	1	1	0	0	0	0	1	0	1	1	1	0	1	0
SRR11237938	1	1	1	1	1	1	1	1	0	0	-1	1	1	1	1	1	1	1	0
SRR11006571	1	1	1	1	1	1	1	1	0	0	0	1	0	1	1	1	1	1	0
SRR14333887	1	1	1	1	1	1	1	1	0	0	0	1	1	1	1	1	1	1	0
SRR11238018	1	1	1	0	1	1	1	1	-1	0	0	1	1	1	1	1	1	1	1
SRR11006777	-1	1	1	1	1	1	1	0	-1	0	0	1	0	1	1	1	1	1	0
SRR11006894	1	1	1	1	1	1	1	1	0	0	0	1	1	1	1	1	1	1	0
SRR11100148	1	1	1	1	1	1	1	1	0	0	0	1	1	1	1	1	1	1	0
SRR14196811	1	1	-1	1	1	1	1	1	0	0	0	1	-1	1	1	1	1	1	2
SRR11006942	1	1	1	1	1	1	1	0	0	0	0	1	1	1	1	1	1	1	0
SRR11196671	1	-1	1	1	1	1	1	1	0	0	0	1	0	1	1	1	1	1	0
SRR11006522	1	1	1	1	1	1	1	1	0	0	0	1	0	1	1	1	1	1	0
SRR11006732	1	1	1	1	1	1	1	1	0	0	0	1	1	1	1	1	1	1	0
ERR4065466	1	1	1	-1	1	1	1	1	0	0	0	1	1	1	1	1	1	1	2
SRR11100163	1	1	1	1	1	1	1	1	0	0	0	0	0	1	1	1	1	1	0
SRR11237941	1	1	1	-1	1	1	1	1	0	0	-1	1	1	1	1	1	1	-1	0
SRR11006845	1	1	1	1	1	1	1	1	-1	0	0	1	0	1	1	1	1	1	2
SRR11100120	1	1	1	1	1	1	1	1	0	0	0	1	0	1	1	1	1	1	2
SRR11006682	1	1	1	1	1	1	1	1	0	0	0	1	0	1	1	0	1	1	0
SRR11006644	1	1	1	1	1	1	1	0	0	0	0	1	0	1	1	1	1	1	0
SRR11006639	1	1	1	1	1	1	1	1	0	0	0	1	0	1	1	1	1	1	0
SRR11006891	1	1	1	1	1	1	1	-1	-1	0	0	1	0	1	1	1	1	1	0
SRR11196686	1	1	1	1	1	1	1	1	0	0	0	1	1	1	1	1	1	1	0
SRR11006883	1	1	1	1	1	1	1	1	0	0	0	1	0	1	1	1	1	1	0
SRR11006781	1	1	1	1	1	1	1	1	0	0	1	1	0	1	1	-1	1	1	0
SRR11006860	1	1	1	1	1	1	1	1	0	0	-1	1	0	1	1	1	1	1	0
SRR11006879	1	1	1	1	1	1	1	1	-1	0	-1	1	0	1	1	1	1	1	0
SRR11006915	1	1	0	1	1	1	1	1	0	0	0	1	1	1	1	1	1	1	0
SRR11006642	1	1	1	1	0	1	1	1	0	0	0	1	0	1	1	1	1	1	0
SRR11196626	1	1	1	1	-1	1	1	-1	0	0	0	1	1	1	1	1	1	1	0
SRR11006701	1	1	1	1	1	1	1	1	0	0	0	1	1	1	1	1	1	1	0
SRR11006872	1	1	1	1	1	1	1	1	0	0	0	1	0	1	1	1	1	1	0
SRR11006733	1	1	1	1	1	1	1	1	0	0	0	1	1	1	1	1	1	1	0
SRR11006842	1	1	1	1	1	1	1	1	0	0	1	1	0	1	1	1	1	1	0
SRR11006738	1	1	1	1	1	1	-1	0	0	0	0	1	1	1	1	1	1	1	0
SRR11237998	1	1	-1	1	1	1	1	1	0	0	0	1	0	1	1	1	1	1	2
SRR11006782	1	1	1	1	1	1	-1	1	0	0	0	1	0	1	1	1	1	0	0
SRR11006536	1	1	1	1	1	1	1	1	0	0	0	1	0	1	1	1	1	1	0
SRR11006888	1	1	1	-1	1	1	1	1	0	0	0	1	0	1	1	1	1	1	0
SRR11006519	1	1	1	1	1	1	1	1	0	0	0	1	1	1	1	1	1	1	0
SRR11006869	1	1	1	1	1	1	1	1	0	0	0	1	0	1	1	1	1	1	0
SRR11237971	1	1	1	1	1	1	1	1	1	0	0	1	1	1	1	1	1	1	0
SRR11006905	1	1	1	1	1	1	0	1	0	0	0	1	0	1	1	1	1	1	0
SRR11196663	0	1	1	1	1	1	-1	1	0	0	0	1	0	1	1	1	1	1	0
SRR11006499	1	-1	1	1	-1	1	1	1	0	0	0	1	1	1	1	1	1	1	0
SRR11006943	1	1	1	0	1	1	1	1	0	0	0	1	0	1	1	1	1	1	0
SRR11006624	1	0	1	1	1	1	1	1	0	0	0	1	0	1	1	1	1	1	0
SRR11100115	1	1	1	1	1	1	1	1	0	0	0	1	0	1	1	1	1	1	0
SRR11237981	1	1	1	1	-1	1	1	1	0	0	0	1	-1	1	1	1	1	1	0
SRR11006683	1	1	-1	0	1	1	1	1	0	0	0	1	0	1	1	1	1	1	0
SRR11100110	1	1	1	1	1	1	1	1	0	0	0	1	0	1	1	1	1	1	1
SRR11006903	1	1	1	1	1	1	1	0	0	0	0	1	1	1	1	1	1	1	0
SRR11006495	1	1	1	1	1	1	1	1	0	0	0	1	0	1	1	1	1	1	0
SRR11006610	1	1	1	1	1	1	1	1	0	0	0	1	0	1	1	1	1	1	0
SRR9959076	0	1	1	1	1	1	1	1	0	0	0	1	1	1	1	1	1	1	0
SRR11006723	1	1	1	1	1	1	1	1	0	0	0	1	0	1	1	1	1	1	0
ERR4065454	1	1	1	1	1	1	1	1	0	0	0	1	0	1	1	1	1	1	0
SRR11006762	1	1	1	1	1	1	1	1	0	0	0	1	1	1	1	1	1	1	0
SRR11006765	1	1	1	1	1	1	-1	1	0	0	-1	0	0	1	1	1	1	1	0
SRR11100126	1	1	1	1	1	1	1	1	0	0	0	1	0	1	1	1	1	1	0
SRR11006592	1	1	1	1	1	1	1	-1	0	0	-1	1	0	1	1	1	1	1	0
SRR5562865	1	1	1	1	1	1	1	0	-1	0	0	1	0	0	1	1	1	1	0
SRR11006707	0	1	1	1	0	1	1	1	-1	0	0	1	0	1	1	1	1	1	0
SRR11006830	1	1	1	1	1	1	1	1	0	0	0	1	0	1	1	1	1	1	0
SRR11006889	1	1	1	1	1	1	1	1	0	0	0	1	0	1	1	1	1	0	2
SRR11196633	1	1	0	1	1	1	1	0	0	0	0	1	1	1	1	1	1	1	0
SRR11006492	1	1	1	1	1	1	-1	1	0	0	0	1	0	1	1	1	1	1	0
SRR11196666	1	1	1	1	1	1	1	1	0	0	0	1	1	1	1	1	1	1	0
SRR11100138	1	1	-1	1	1	1	1	1	0	0	0	0	0	1	1	1	1	1	2
SRR11196610	1	1	1	1	1	1	1	1	0	0	0	1	-1	1	1	1	1	1	1
SRR11006866	1	1	1	0	1	1	1	1	0	0	0	1	1	1	1	1	1	1	0
SRR11006618	1	1	1	1	1	1	1	1	0	0	0	1	1	1	1	1	1	1	0
SRR11006771	1	1	1	1	1	1	1	1	0	0	0	1	0	1	1	1	1	0	0
SRR11237935	1	1	1	1	1	1	1	1	0	0	0	1	0	1	1	1	1	1	0
SRR11100196	1	1	1	1	1	1	1	1	0	0	0	1	0	1	1	1	1	1	2
SRR11196619	1	1	1	1	1	1	1	1	0	0	-1	1	1	1	1	1	1	1	0
SRR11006562	1	1	1	-1	1	1	1	1	0	0	0	1	0	1	1	1	1	1	0
SRR14196806	1	1	1	1	1	1	1	1	0	0	0	1	0	1	1	1	1	1	0
SRR11006513	1	1	1	1	1	1	1	1	0	0	-1	1	-1	1	1	1	1	1	0
SRR11006828	1	1	1	1	1	1	1	0	0	0	0	1	0	1	0	1	1	1	0
SRR11006589	1	1	1	1	1	0	1	1	0	0	0	1	0	1	1	1	1	1	0
SRR11196673	1	1	1	1	1	1	1	1	0	0	0	1	0	1	1	1	1	1	0
SRR11006780	1	1	1	1	1	1	1	1	0	0	0	1	0	1	1	1	1	1	0
SRR11237960	1	1	1	1	1	1	1	1	0	0	0	1	0	1	1	1	1	1	0
SRR11006575	1	1	1	1	1	1	1	1	0	0	0	1	0	1	1	1	0	1	0
SRR11100198	1	1	1	1	1	1	1	1	0	0	0	1	1	1	1	1	1	1	0
SRR11100135	1	1	1	1	1	1	1	1	0	0	0	1	-1	1	1	1	1	1	0
SRR11006629	0	1	1	1	1	1	1	1	0	0	0	1	0	1	1	1	1	1	0
SRR11006785	1	1	1	1	1	1	1	1	0	0	0	1	0	1	1	1	1	1	0
SRR11196639	1	1	1	1	1	1	1	1	0	0	0	1	0	1	1	1	1	1	0
SRR11196682	1	1	1	1	1	1	1	1	0	0	0	0	0	1	1	1	1	1	0
SRR11006871	1	1	1	1	1	1	1	-1	1	0	0	1	0	1	1	1	1	1	0
SRR14333890	1	1	1	1	1	1	1	1	0	0	1	1	0	1	1	1	1	1	0
SRR11196677	1	1	1	1	1	1	1	1	0	0	0	1	0	1	1	1	1	1	0
SRR11006858	1	1	1	1	1	1	1	1	0	0	0	1	1	1	1	1	1	1	0
SRR11196684	1	1	1	1	1	1	1	1	0	0	0	1	0	1	1	1	1	1	0
SRR6313630	1	1	1	0	1	1	1	1	0	0	0	1	0	1	1	1	1	1	0
SRR11006875	1	1	1	1	1	1	1	1	0	0	0	1	0	1	1	1	0	1	0
SRR11006928	1	1	1	1	1	1	1	0	0	0	0	1	0	1	1	1	1	1	0
ERR4065463	1	1	1	1	1	1	1	1	0	0	0	1	-1	1	1	1	1	1	0
SRR11006816	1	1	1	1	1	1	-1	1	0	0	0	1	0	1	1	1	0	1	0
SRR5562752	1	1	1	1	1	1	1	1	0	0	0	1	0	1	1	0	1	1	0
SRR11006743	1	1	1	0	1	1	1	1	0	0	-1	1	1	1	1	-1	1	1	0
SRR11006540	1	1	1	1	1	0	1	1	0	0	0	1	0	1	1	1	1	1	0
SRR11006626	1	1	1	1	1	1	1	1	0	-1	0	1	0	1	1	1	1	1	0
SRR11006595	1	1	1	1	1	1	1	0	0	0	0	1	-1	1	1	1	1	1	0
SRR11006947	1	1	1	1	1	1	1	0	0	0	0	1	0	1	1	1	1	1	0
SRR11006952	1	1	1	1	1	1	1	1	0	0	0	1	1	1	1	1	1	1	0
SRR11006547	1	1	1	1	1	1	1	1	0	0	0	1	1	1	1	1	1	1	0
SRR11196669	1	1	1	1	1	1	1	1	0	0	0	1	1	1	1	1	1	1	0
SRR11006558	1	1	1	1	1	1	1	1	0	0	0	1	-1	1	1	1	1	1	0
SRR11006739	1	1	1	1	1	1	1	1	0	0	0	1	0	1	1	1	1	1	0
SRR11100173	1	1	0	1	-1	1	1	0	0	0	0	1	1	1	1	1	1	1	0
SRR11006769	1	1	1	1	1	1	1	1	1	0	0	0	0	1	1	1	1	1	0
SRR11006809	1	1	1	1	1	1	1	0	0	0	0	1	0	1	1	1	1	1	0
SRR11006612	1	1	1	1	1	1	1	0	0	0	0	1	1	1	1	1	1	1	0
SRR11006752	1	1	1	1	1	1	1	1	0	0	1	1	0	1	1	1	1	1	0
SRR11006938	1	1	1	1	1	1	1	1	-1	0	-1	1	1	1	1	1	1	1	0
SRR11006535	1	1	1	1	1	1	1	1	0	0	0	1	0	1	1	1	1	1	0
SRR11006511	1	1	1	1	1	1	1	1	0	0	0	1	1	1	1	1	1	1	0
SRR11006549	1	1	1	1	1	1	1	1	0	0	0	1	0	1	1	1	1	1	0
SRR11006730	1	1	1	1	1	1	1	1	0	0	0	1	0	1	1	1	1	1	0
SRR11006696	1	1	1	1	1	1	1	1	0	0	0	1	0	1	1	-1	1	1	0
SRR11006531	1	1	1	1	1	1	1	1	0	1	0	1	0	1	1	1	1	1	0
SRR11006763	1	1	1	1	1	1	1	1	0	0	0	0	0	1	1	1	1	1	0
SRR11237958	1	1	1	0	1	1	1	1	0	0	0	1	1	1	1	1	1	1	2
SRR11100181	1	1	1	1	1	1	1	1	0	0	0	1	0	1	1	1	0	1	0
SRR11006669	1	1	1	1	1	1	1	1	0	0	0	1	0	1	0	1	1	1	0
SRR11006946	1	1	1	1	1	1	1	1	0	0	0	1	0	1	1	1	1	1	0
SRR11100127	1	1	1	1	1	0	1	-1	0	0	0	1	0	1	1	1	1	1	0
SRR11006627	1	1	1	1	1	1	1	0	0	0	0	1	0	1	1	1	1	1	0
SRR14333873	1	1	1	1	1	1	1	1	0	0	0	1	0	1	1	1	1	1	2
SRR11006544	1	1	1	1	1	1	0	1	0	0	0	1	0	1	1	1	1	1	0
