Sample	Country	Cluster	X	Y
ERR4065454	French Polynesia	3	5.7050686	0.7629172
ERR4065455	French Polynesia	3	5.8777328	0.5793603
ERR4065456	French Polynesia	3	5.714334	0.65210974
ERR4065457	French Polynesia	3	5.5717835	0.6881905
ERR4065458	French Polynesia	3	5.544501	0.42034727
ERR4065459	French Polynesia	3	5.6883755	0.6569172
ERR4065460	French Polynesia	3	5.57668	0.5126504
ERR4065462	French Polynesia	3	5.7161207	0.4467535
ERR4065463	French Polynesia	3	5.8636866	0.4048184
ERR4065465	Thailand	4	7.056836	-7.591667
ERR4065466	Thailand	4	7.304145	-7.5068207
ERR4065468	Thailand	4	6.907499	-7.691662
ERR4065469	Thailand	4	7.2043505	-7.77131
ERR4065470	Thailand	4	7.3759975	-7.8401537
ERR4065471	Thailand	4	7.170896	-7.8602552
ERR4065472	Thailand	4	6.939267	-8.024833
ERR4065473	Thailand	4	7.2500725	-7.648838
SRR11006478	Senegal	0	14.478871	15.775588
SRR11006479	Senegal	0	16.358034	15.563851
SRR11006480	Senegal	0	14.708049	15.656855
SRR11006481	Senegal	0	14.065018	13.826698
SRR11006482	Senegal	0	16.562923	16.762218
SRR11006483	Senegal	0	13.443915	15.337838
SRR11006484	Senegal	0	16.230703	15.777815
SRR11006485	Senegal	0	15.609514	15.067286
SRR11006486	East Kenya	2	-2.9911673	1.5544735
SRR11006487	Thailand	4	8.424678	-7.5226464
SRR11006488	Senegal	0	16.317978	16.378277
SRR11006489	Senegal	0	15.832113	16.226524
SRR11006490	Senegal	0	15.051551	15.182751
SRR11006491	Senegal	0	15.075229	13.885434
SRR11006492	Senegal	0	15.093459	15.113247
SRR11006493	Senegal	0	15.150169	16.669882
SRR11006494	Senegal	0	14.410236	15.778261
SRR11006495	Senegal	0	16.25705	16.711565
SRR11006496	Senegal	0	15.838004	16.654572
SRR11006497	Senegal	0	14.651286	14.678986
SRR11006498	East Kenya	2	-1.6880945	2.1424654
SRR11006499	Senegal	0	14.545626	14.744846
SRR11006500	Senegal	0	16.73164	16.510689
SRR11006501	Senegal	0	13.018379	14.721349
SRR11006502	Senegal	0	15.995294	16.029356
SRR11006503	Senegal	0	16.268475	16.329247
SRR11006504	Senegal	0	15.400383	16.20066
SRR11006505	Senegal	0	15.357015	16.165087
SRR11006506	Senegal	0	14.707728	15.647958
SRR11006507	Senegal	0	17.090069	16.138683
SRR11006508	Senegal	0	14.799406	12.989368
SRR11006509	East Kenya	2	-2.2715583	2.6201932
SRR11006510	Senegal	0	13.837526	12.939979
SRR11006511	Senegal	0	15.695754	14.698039
SRR11006512	Senegal	0	15.51314	15.022015
SRR11006513	Senegal	0	13.91902	12.85628
SRR11006514	Burkina Faso	0	15.910398	16.224607
SRR11006515	Burkina Faso	0	15.282096	15.933414
SRR11006516	Burkina Faso	0	15.248743	15.515784
SRR11006517	Burkina Faso	0	15.549544	15.146308
SRR11006519	Burkina Faso	0	14.772467	13.703643
SRR11006520	East Kenya	2	-2.4735422	2.359349
SRR11006521	Burkina Faso	0	13.655505	13.973446
SRR11006522	Burkina Faso	0	15.608711	15.28621
SRR11006523	Burkina Faso	0	16.23259	16.048409
SRR11006524	Burkina Faso	0	16.850924	15.961171
SRR11006525	Burkina Faso	0	15.668201	15.741001
SRR11006526	Burkina Faso	0	14.062062	14.309149
SRR11006527	Burkina Faso	0	13.649784	14.371275
SRR11006528	Burkina Faso	0	15.734045	16.936756
SRR11006529	Burkina Faso	0	13.824625	13.98581
SRR11006530	Burkina Faso	0	16.449795	14.7556095
SRR11006531	East Kenya	2	-2.8504267	1.7278327
SRR11006532	Ghana	0	15.47859	15.505652
SRR11006533	Ghana	0	14.29721	15.4150715
SRR11006534	Ghana	0	15.609041	14.090944
SRR11006535	Ghana	0	17.450678	15.967071
SRR11006536	Ghana	0	15.275702	13.875331
SRR11006537	Ghana	0	15.477998	14.087724
SRR11006538	Ghana	0	13.977036	16.12888
SRR11006539	Ghana	0	16.470135	13.0411215
SRR11006540	Ghana	0	15.566822	13.212203
SRR11006541	Ghana	0	15.096666	14.352755
SRR11006542	East Kenya	2	-1.005309	2.4526825
SRR11006543	Ghana	0	15.625809	13.76754
SRR11006544	Ghana	0	14.112959	14.585099
SRR11006545	Ghana	0	14.5907345	13.965855
SRR11006546	Ghana	0	14.466386	13.830553
SRR11006547	Ghana	0	15.433123	13.769788
SRR11006548	Ghana	0	13.488116	15.033529
SRR11006549	Ghana	0	14.887158	13.838643
SRR11006550	Ghana	0	15.956587	13.738945
SRR11006551	Ghana	0	15.250659	13.482578
SRR11006552	Ghana	0	13.71611	13.726313
SRR11006553	East Kenya	2	-2.0822186	2.240695
SRR11006554	Ghana	0	15.721519	16.83851
SRR11006555	Ghana	0	14.316358	14.385861
SRR11006556	Ghana	0	13.988921	14.055058
SRR11006557	Ghana	0	15.6251955	16.496151
SRR11006558	Ghana	0	16.72108	15.471003
SRR11006559	Ghana	0	16.073326	16.200146
SRR11006560	Ghana	0	14.180402	15.508265
SRR11006561	Ghana	0	14.25243	13.769212
SRR11006562	Ghana	0	14.358708	14.524837
SRR11006563	Ghana	0	13.986723	15.255484
SRR11006564	East Kenya	2	-3.0130317	1.7663121
SRR11006565	Ghana	0	16.401112	14.733123
SRR11006566	Ghana	0	16.242731	16.861979
SRR11006567	Ghana	0	13.898195	15.67776
SRR11006568	Ghana	0	16.124212	15.292489
SRR11006569	Ghana	0	15.177947	15.264849
SRR11006570	Ghana	0	15.880477	14.062746
SRR11006571	Ghana	0	14.857445	13.7169695
SRR11006572	Ghana	0	15.04706	15.973272
SRR11006573	Ghana	0	16.097813	13.322544
SRR11006574	Ghana	0	13.919114	14.023613
SRR11006575	East Kenya	2	-2.2355225	2.3441083
SRR11006576	Ghana	0	14.558776	14.8282995
SRR11006577	Ghana	0	14.0584545	14.962357
SRR11006578	Senegal	0	15.538569	14.875464
SRR11006579	Senegal	0	16.10792	14.919162
SRR11006580	Senegal	0	13.39033	14.118964
SRR11006581	Senegal	0	16.031977	15.191879
SRR11006582	Senegal	0	15.346335	14.877051
SRR11006583	Senegal	0	14.562789	14.72203
SRR11006584	Senegal	0	16.705887	14.474403
SRR11006585	Senegal	0	15.28769	15.120185
SRR11006586	East Kenya	2	-1.646	2.4459302
SRR11006587	Senegal	0	15.701991	14.732909
SRR11006588	Senegal	0	13.200756	14.247322
SRR11006589	Senegal	0	15.165123	15.340009
SRR11006590	Nigeria	0	16.310452	15.388095
SRR11006591	Nigeria	0	16.028791	16.518015
SRR11006592	Nigeria	0	12.876516	15.385542
SRR11006593	Nigeria	0	16.333958	15.907183
SRR11006594	Nigeria	0	14.895345	14.716082
SRR11006595	Nigeria	0	13.349881	14.22432
SRR11006596	Nigeria	0	16.328218	15.187045
SRR11006597	East Kenya	2	-2.0855503	1.2911837
SRR11006598	Thailand	4	7.4582386	-7.771567
SRR11006599	Nigeria	0	14.740288	14.646113
SRR11006600	Nigeria	0	16.343637	17.066008
SRR11006601	Nigeria	0	13.454502	14.671738
SRR11006602	Nigeria	0	13.827531	14.644121
SRR11006603	Nigeria	0	15.818364	15.460253
SRR11006604	Nigeria	0	15.249636	15.495893
SRR11006605	Nigeria	0	14.114166	15.142798
SRR11006606	Nigeria	0	15.023807	15.364834
SRR11006607	Nigeria	0	16.561687	15.903953
SRR11006608	Nigeria	0	14.966825	14.6243925
SRR11006609	East Kenya	2	-2.2208986	1.3806956
SRR11006610	Nigeria	0	14.139511	14.190779
SRR11006611	Nigeria	0	15.232938	13.271015
SRR11006612	Burkina Faso	0	15.591236	13.993891
SRR11006613	Burkina Faso	0	16.211977	14.67583
SRR11006614	Burkina Faso	0	15.038696	13.642835
SRR11006615	Burkina Faso	0	16.164476	14.315574
SRR11006616	Burkina Faso	0	15.652454	13.937394
SRR11006617	Burkina Faso	0	16.711496	15.097251
SRR11006618	Burkina Faso	0	15.522691	13.684068
SRR11006619	Burkina Faso	0	15.829946	14.2456875
SRR11006620	East Kenya	2	-0.8676365	2.3447223
SRR11006621	Burkina Faso	0	16.325705	13.728976
SRR11006622	Burkina Faso	0	16.586693	14.743209
SRR11006623	Burkina Faso	0	16.011274	14.1505165
SRR11006624	Burkina Faso	0	16.267328	13.908271
SRR11006626	Burkina Faso	0	16.091194	14.205163
SRR11006627	Burkina Faso	0	15.439936	13.325477
SRR11006628	Burkina Faso	0	14.485729	13.52257
SRR11006629	Burkina Faso	0	16.41938	14.148873
SRR11006630	Burkina Faso	0	15.434361	14.06155
SRR11006631	East Kenya	2	-1.5908067	2.2047625
SRR11006632	Burkina Faso	0	13.429343	14.807742
SRR11006633	Burkina Faso	0	14.740642	13.848639
SRR11006634	East Kenya Outlier	4	8.150283	-6.5104775
SRR11006635	East Kenya Outlier	4	7.848173	-6.347767
SRR11006636	East Kenya Outlier	4	8.229913	-6.8685265
SRR11006637	East Kenya Outlier	4	7.06925	-6.4681807
SRR11006638	East Kenya Outlier	4	7.284877	-6.700916
SRR11006639	East Kenya Outlier	4	7.2340865	-6.5002527
SRR11006640	East Kenya Outlier	4	6.9575095	-6.2604284
SRR11006641	East Kenya Outlier	4	6.9535794	-6.6924963
SRR11006642	East Kenya	2	-2.4326003	1.4375863
SRR11006643	East Kenya Outlier	4	6.946327	-6.3369093
SRR11006644	East Kenya Outlier	4	7.3515697	-6.600561
SRR11006645	East Kenya	2	-0.64425033	1.9941349
SRR11006646	East Kenya Outlier	4	7.2794514	-6.7648163
SRR11006647	East Kenya Outlier	4	7.343152	-6.526578
SRR11006648	East Kenya Outlier	4	7.893985	-6.22941
SRR11006649	East Kenya Outlier	4	6.8443565	-6.3328276
SRR11006650	East Kenya	2	-1.7961396	2.3206
SRR11006651	East Kenya	2	-2.7230709	2.453968
SRR11006652	East Kenya	2	-2.0300791	2.7483919
SRR11006653	East Kenya	2	-2.167054	1.7288922
SRR11006654	East Kenya	2	-2.2577415	2.597043
SRR11006655	East Kenya	2	-2.5157592	2.4821384
SRR11006656	East Kenya	2	-1.9109709	2.2596018
SRR11006657	East Kenya	2	-2.1937609	1.3828399
SRR11006658	East Kenya	2	-2.8285167	1.2196745
SRR11006659	East Kenya	2	-2.2873392	2.1635773
SRR11006660	Thailand	4	8.438052	-8.049231
SRR11006661	East Kenya	2	-2.5339217	2.5278468
SRR11006662	East Kenya	2	-1.3049579	2.9057481
SRR11006663	East Kenya	2	-1.8060976	1.860534
SRR11006664	East Kenya	2	-2.356836	2.307819
SRR11006665	East Kenya	2	-2.0023384	1.673748
SRR11006666	East Kenya	2	-2.0436037	1.8076184
SRR11006667	East Kenya	2	-1.2860867	3.0071213
SRR11006668	East Kenya	2	-1.723659	1.603271
SRR11006669	East Kenya	2	-2.390005	1.9994642
SRR11006670	East Kenya	2	-1.2785785	2.8057775
SRR11006671	Thailand	4	7.8261256	-7.3568826
SRR11006672	East Kenya	2	-2.6066568	1.329429
SRR11006673	East Kenya	2	-2.4367545	2.4283829
SRR11006674	East Kenya	2	-2.4568624	2.4343958
SRR11006675	East Kenya	2	-2.4588044	1.4018658
SRR11006676	East Kenya	2	-1.7344873	1.7469499
SRR11006677	East Kenya	2	-1.597066	1.5831853
SRR11006678	East Kenya	2	-2.0613568	0.99953955
SRR11006679	East Kenya	2	-2.20053	2.6388345
SRR11006680	East Kenya	2	-1.4176861	2.1632628
SRR11006681	East Kenya	2	-0.76332325	2.1218328
SRR11006682	Thailand	4	7.824823	-7.2829967
SRR11006683	East Kenya	2	-0.9651872	2.6324816
SRR11006684	East Kenya	2	-1.2050573	2.7980332
SRR11006685	East Kenya	2	-0.9631397	2.5549867
SRR11006686	West Kenya	0	15.041909	17.439907
SRR11006687	West Kenya	0	14.5555	17.379871
SRR11006689	West Kenya	0	14.012868	16.99415
SRR11006690	West Kenya	0	14.202335	16.417175
SRR11006691	West Kenya	0	13.689064	17.356773
SRR11006692	West Kenya	0	14.728282	16.278538
SRR11006693	Thailand	4	7.312284	-7.9714093
SRR11006694	West Kenya	0	13.723373	17.273956
SRR11006695	West Kenya	0	15.00757	17.561054
SRR11006696	West Kenya	0	14.09119	16.04104
SRR11006697	West Kenya	0	14.612919	16.949928
SRR11006698	West Kenya	0	14.738109	17.305769
SRR11006699	West Kenya	0	14.592709	16.856005
SRR11006700	West Kenya	0	14.52879	16.806984
SRR11006701	West Kenya	0	14.1278105	16.82868
SRR11006702	West Kenya	0	15.912335	17.032867
SRR11006703	West Kenya	0	15.268803	17.223188
SRR11006704	Thailand	4	7.6586533	-7.5014725
SRR11006705	West Kenya	0	14.427394	16.328161
SRR11006706	West Kenya	0	14.68087	17.883495
SRR11006707	Madagascar	1	-8.677511	8.988742
SRR11006708	Madagascar	1	-8.538146	8.625965
SRR11006709	Madagascar	1	-8.581706	8.554781
SRR11006710	Madagascar	1	-8.42285	8.84157
SRR11006711	Senegal	0	14.200796	13.804277
SRR11006712	Senegal	0	14.673849	12.829828
SRR11006713	Senegal	0	13.681512	13.087341
SRR11006714	Senegal	0	14.2897215	12.68346
SRR11006715	Senegal	0	13.676929	12.475408
SRR11006716	Senegal	0	13.749169	12.937019
SRR11006717	East Kenya	2	-2.8784158	1.1709157
SRR11006718	Senegal	0	14.644436	12.985665
SRR11006719	Senegal	0	13.7309	12.777803
SRR11006720	Senegal	0	14.957696	13.085971
SRR11006721	Senegal	0	14.743675	12.897
SRR11006722	Senegal	0	14.854514	13.179888
SRR11006723	Senegal	0	13.764248	12.93373
SRR11006724	Senegal	0	13.561926	12.935821
SRR11006725	Senegal	0	14.408404	14.228136
SRR11006726	Senegal	0	14.052832	12.830842
SRR11006727	Senegal	0	16.856913	15.342267
SRR11006728	East Kenya	2	-2.249422	1.3872741
SRR11006729	Senegal	0	14.109123	14.557785
SRR11006730	Senegal	0	16.124676	17.10112
SRR11006731	Senegal	0	16.514841	15.613571
SRR11006732	Senegal	0	14.301292	15.652116
SRR11006733	Senegal	0	13.508355	14.626136
SRR11006734	Senegal	0	14.85726	15.036177
SRR11006735	Senegal	0	16.407621	14.881285
SRR11006736	Senegal	0	15.646563	16.4761
SRR11006737	Senegal	0	13.097053	14.465024
SRR11006738	Senegal	0	16.068693	14.259235
SRR11006739	East Kenya	2	-2.7272673	1.7651672
SRR11006740	Senegal	0	15.888953	17.17377
SRR11006741	Senegal	0	16.196842	15.423746
SRR11006742	Senegal	0	14.3213415	16.11349
SRR11006743	Senegal	0	13.853643	14.286025
SRR11006744	Senegal	0	14.451972	14.472601
SRR11006745	Senegal	0	15.247294	15.454247
SRR11006746	Senegal	0	15.302808	16.185925
SRR11006747	Senegal	0	14.976239	15.349163
SRR11006748	Senegal	0	13.797577	14.839983
SRR11006749	Senegal	0	14.954231	12.602845
SRR11006750	East Kenya	2	-1.6064101	3.2228153
SRR11006751	Senegal	0	14.221607	12.608953
SRR11006752	Senegal	0	14.392005	12.827766
SRR11006753	Senegal	0	14.840606	12.444837
SRR11006754	Senegal	0	14.687397	12.109902
SRR11006755	Senegal	0	15.178177	12.544518
SRR11006756	Senegal	0	14.962939	12.154403
SRR11006757	Senegal	0	14.452947	12.356139
SRR11006758	Senegal	0	14.45813	12.229252
SRR11006759	Senegal	0	14.619381	12.263856
SRR11006760	Senegal	0	13.969047	15.301573
SRR11006762	Senegal	0	14.532305	12.326829
SRR11006763	Senegal	0	14.833195	12.249884
SRR11006765	Senegal	0	13.966885	12.696769
SRR11006766	Senegal	0	14.411611	12.235938
SRR11006767	Senegal	0	16.247719	14.92111
SRR11006768	Senegal	0	14.599851	12.136373
SRR11006769	Senegal	0	14.993619	12.456885
SRR11006770	Senegal	0	14.052138	12.156484
SRR11006771	Senegal	0	14.071811	15.524104
SRR11006772	East Kenya	2	-2.7800663	1.7393162
SRR11006773	Senegal	0	14.351582	14.960711
SRR11006774	Senegal	0	14.7529	15.589375
SRR11006775	Senegal	0	13.897564	15.504365
SRR11006776	Senegal	0	14.218804	14.581517
SRR11006777	Senegal	0	15.08148	14.537508
SRR11006778	Senegal	0	15.6218815	16.782143
SRR11006779	Senegal	0	17.036547	14.418641
SRR11006780	Senegal	0	15.294173	15.79041
SRR11006781	Senegal	0	15.8961735	15.301209
SRR11006782	Senegal	0	16.258696	15.474172
SRR11006783	East Kenya	2	-2.675555	2.8034766
SRR11006784	Senegal	0	14.87177	15.141638
SRR11006785	Senegal	0	16.099123	15.295895
SRR11006786	East Kenya	2	-2.234829	1.7782232
SRR11006787	Gabon	0	12.253201	15.412739
SRR11006788	Gabon	0	12.380271	14.963219
SRR11006789	East Kenya	2	-2.9731522	1.9564378
SRR11006791	Gabon	0	11.862399	15.97189
SRR11006792	Gabon	0	13.02106	16.282227
SRR11006794	Gabon	0	13.049832	16.008282
SRR11006795	Gabon	0	12.352384	15.21013
SRR11006796	Gabon	0	12.118498	15.914933
SRR11006797	Gabon	0	13.13372	16.543001
SRR11006798	Gabon	0	13.143157	15.773524
SRR11006799	Gabon	0	11.916063	16.449833
SRR11006800	East Kenya	2	-1.6398586	2.0761456
SRR11006801	Gabon	0	12.868898	16.415792
SRR11006802	Gabon	0	13.074777	16.10832
SRR11006803	Gabon	0	13.024353	16.504555
SRR11006804	Gabon	0	11.679112	16.303776
SRR11006805	Gabon	0	12.27162	16.702337
SRR11006806	Gabon	0	12.914299	16.779173
SRR11006807	Gabon	0	12.843322	16.799759
SRR11006808	Gabon	0	13.345239	16.575142
SRR11006809	Gabon	0	11.9719925	16.50111
SRR11006810	Gabon	0	12.580285	16.680748
SRR11006812	Gabon	0	12.595513	16.989296
SRR11006813	Gabon	0	13.499518	14.462089
SRR11006814	Gabon	0	12.56368	16.99823
SRR11006815	Gabon	0	12.699713	16.67356
SRR11006816	Gabon	0	13.089666	16.83469
SRR11006817	Gabon	0	12.628598	16.982622
SRR11006818	Gabon	0	12.394058	16.865826
SRR11006819	Gabon	0	12.941885	16.655703
SRR11006820	Gabon	0	12.425685	15.358097
SRR11006821	Gabon	0	12.361754	15.248317
SRR11006822	East Kenya	2	-2.4348476	1.3759743
SRR11006824	Gabon	0	12.146814	15.348482
SRR11006825	Gabon	0	11.572235	15.951798
SRR11006826	Gabon	0	12.475766	15.38502
SRR11006827	Gabon	0	12.02521	16.118979
SRR11006828	Gabon	0	12.152344	16.116608
SRR11006829	Gabon	0	12.183624	15.808535
SRR11006830	Gabon	0	12.380699	15.203658
SRR11006831	Gabon	0	12.354202	15.264823
SRR11006832	Gabon	0	12.525614	15.300186
SRR11006833	East Kenya	2	-2.0608854	1.1756924
SRR11006834	Gabon	0	12.0994425	15.742831
SRR11006835	Brazil	4	6.5149965	-5.0619173
SRR11006836	Brazil	4	6.515991	-4.7061877
SRR11006837	Brazil	4	6.7553344	-4.554456
SRR11006838	Brazil	4	6.994583	-5.296811
SRR11006839	Brazil	4	6.5753384	-4.8929825
SRR11006840	Brazil	4	6.57586	-4.8579354
SRR11006841	Brazil	4	7.0641203	-5.498871
SRR11006842	Brazil	4	6.666074	-4.6981506
SRR11006843	Brazil	4	6.5634117	-4.8797207
SRR11006844	East Kenya	2	-1.792336	1.9952995
SRR11006845	Thailand	4	7.458461	-7.318615
SRR11006847	Brazil	4	6.623419	-4.905732
SRR11006848	Brazil	4	6.8501444	-5.007192
SRR11006850	Brazil	4	6.503475	-5.0106106
SRR11006851	Brazil	4	6.8127685	-4.694091
SRR11006852	Brazil	4	6.338541	-4.7037377
SRR11006853	Brazil	4	6.431693	-4.837344
SRR11006854	Brazil	4	6.866881	-4.7678556
SRR11006855	East Kenya	2	-2.8138895	1.3166475
SRR11006856	Thailand	4	7.812912	-6.947047
SRR11006857	East Kenya	2	-1.6783262	2.473485
SRR11006858	East Kenya	2	-1.6126047	2.1927216
SRR11006859	East Kenya	2	-2.1261408	2.259288
SRR11006860	East Kenya	2	-2.2914617	2.8504508
SRR11006861	East Kenya	2	-1.7066714	2.397845
SRR11006862	East Kenya	2	-1.3035235	1.9860733
SRR11006863	Uganda	0	14.432253	18.44145
SRR11006864	Uganda	0	14.33027	18.297806
SRR11006865	Uganda	0	14.568532	18.593822
SRR11006866	Uganda	0	14.63815	18.509706
SRR11006867	Thailand	4	7.8700113	-7.2704196
SRR11006868	Uganda	0	14.349959	18.603754
SRR11006869	Uganda	0	14.334776	16.630722
SRR11006870	Uganda	0	15.072269	17.554363
SRR11006871	Uganda	0	14.320203	16.268557
SRR11006872	Uganda	0	16.275105	16.20421
SRR11006873	Uganda	0	14.02175	16.399668
SRR11006874	Uganda	0	14.773784	16.14407
SRR11006875	Uganda	0	16.532686	16.513472
SRR11006877	Uganda	0	17.00052	16.70052
SRR11006878	Thailand	4	7.3789716	-7.5386434
SRR11006879	Uganda	0	16.699142	16.73951
SRR11006880	Uganda	0	17.117847	16.407228
SRR11006881	Uganda	0	15.622078	16.807056
SRR11006882	Uganda	0	13.851731	15.823211
SRR11006883	Uganda	0	15.61781	16.86793
SRR11006884	Uganda	0	14.236915	15.36216
SRR11006885	West Kenya	0	14.402501	16.913239
SRR11006887	West Kenya	0	16.072565	15.974183
SRR11006888	West Kenya	0	14.28794	17.071762
SRR11006889	Thailand	4	7.7198043	-7.3516955
SRR11006890	West Kenya	0	14.581527	18.690323
SRR11006891	West Kenya	0	14.295056	18.729496
SRR11006892	West Kenya	0	14.633378	18.353392
SRR11006893	West Kenya	0	14.786098	18.779049
SRR11006894	West Kenya	0	13.315357	17.800179
SRR11006895	West Kenya	0	13.6749935	17.812368
SRR11006896	West Kenya	0	13.334009	17.805174
SRR11006897	West Kenya	0	13.334001	17.535587
SRR11006898	West Kenya	0	16.518915	15.333157
SRR11006899	West Kenya	0	13.499433	14.779862
SRR11006900	Thailand	4	8.153211	-7.750254
SRR11006901	West Kenya	0	13.983523	16.303862
SRR11006902	West Kenya	0	14.752015	18.313477
SRR11006903	West Kenya	0	12.956197	14.870534
SRR11006904	West Kenya	0	14.67408	17.620558
SRR11006905	West Kenya	0	15.050445	17.485365
SRR11006906	West Kenya	0	14.725524	15.368498
SRR11006907	Uganda	0	14.318516	17.549717
SRR11006908	Uganda	0	14.314536	17.5315
SRR11006909	Uganda	0	15.1045065	17.557272
SRR11006910	Uganda	0	13.4306555	18.286715
SRR11006911	Thailand	4	8.313452	-7.933938
SRR11006912	Uganda	0	13.403262	18.792147
SRR11006913	Uganda	0	13.38291	18.780321
SRR11006914	Uganda	0	17.20131	15.724306
SRR11006915	Uganda	0	14.023574	16.276552
SRR11006916	Uganda	0	17.348974	15.481225
SRR11006917	Uganda	0	17.313036	15.672792
SRR11006918	Uganda	0	13.963069	16.207294
SRR11006919	Uganda	0	15.622219	17.34372
SRR11006920	Uganda	0	15.576149	17.34289
SRR11006921	Uganda	0	14.284325	16.144022
SRR11006922	Thailand	4	8.030695	-7.4712048
SRR11006923	Uganda	0	13.785835	16.504583
SRR11006924	Uganda	0	16.986752	15.741844
SRR11006925	Uganda	0	17.020895	15.427168
SRR11006926	Uganda	0	17.092785	15.925967
SRR11006927	Uganda	0	16.9909	15.753586
SRR11006928	Uganda	0	17.247982	15.808494
SRR11006929	East Kenya	2	-1.461065	2.2501056
SRR11006930	East Kenya	2	-1.7856802	1.844474
SRR11006931	East Kenya	2	-1.7044526	2.153643
SRR11006932	East Kenya	2	-1.646252	2.3602192
SRR11006933	Thailand	4	7.179084	-7.56396
SRR11006934	East Kenya	2	-1.7536602	2.6668
SRR11006935	East Kenya	2	-1.8004494	1.9480704
SRR11006936	East Kenya	2	-0.9068805	2.2971287
SRR11006938	East Kenya	2	-2.385932	2.270793
SRR11006939	East Kenya	2	-1.8515147	2.1791384
SRR11006940	East Kenya	2	-2.0049703	2.3431668
SRR11006941	East Kenya	2	-1.8037635	2.901051
SRR11006942	East Kenya	2	-2.0959153	2.3467724
SRR11006943	East Kenya	2	-1.9439528	1.8018068
SRR11006944	Thailand	4	7.5516534	-7.505494
SRR11006945	East Kenya	2	-1.9441832	1.860171
SRR11006946	East Kenya	2	-2.5450435	1.7384154
SRR11006947	East Kenya	2	-2.1375961	1.5630243
SRR11006948	East Kenya	2	-2.0370476	1.5127747
SRR11006949	East Kenya	2	-2.843483	1.7369126
SRR11006950	East Kenya	2	-2.4836714	2.5335217
SRR11006951	East Kenya	2	-0.74866676	2.5075936
SRR11006952	East Kenya	2	-0.76995903	2.0959861
SRR11006953	East Kenya	2	-1.4034616	2.4985666
SRR11006954	East Kenya	2	-1.995258	1.5892702
SRR11006955	Thailand	4	7.467184	-7.073675
SRR11006956	Thailand	4	7.852825	-7.770876
SRR11006957	Thailand	4	7.5126767	-7.2586503
SRR11100104	USA	4	9.68749	-5.8481903
SRR11100105	USA	4	9.644787	-6.3332734
SRR11100109	USA	4	8.904932	-5.1489253
SRR11100110	USA	4	9.174549	-4.898447
SRR11100111	USA	4	8.830504	-4.4969487
SRR11100112	USA	4	9.706778	-5.7099557
SRR11100113	USA	4	9.604962	-6.552802
SRR11100115	USA	4	9.977484	-5.6243205
SRR11100119	USA	4	9.759986	-5.3776193
SRR11100120	USA	4	10.789212	-5.4463754
SRR11100121	USA	4	10.039711	-5.1922207
SRR11100122	USA	4	9.501143	-4.075691
SRR11100125	USA	4	10.645439	-5.371555
SRR11100126	USA	4	10.203811	-5.384499
SRR11100127	USA	4	9.358332	-5.289251
SRR11100128	USA	4	10.338084	-5.391763
SRR11100129	USA	4	9.528643	-6.5519156
SRR11100131	USA	4	9.114312	-5.27588
SRR11100133	USA	4	9.493561	-4.6665664
SRR11100134	USA	4	9.720952	-4.47751
SRR11100135	USA	4	9.952104	-5.3970685
SRR11100136	USA	4	8.706013	-5.7904267
SRR11100137	USA	4	9.435163	-5.7334275
SRR11100138	USA	4	9.541155	-5.5071764
SRR11100139	USA	4	9.27154	-5.3044744
SRR11100141	USA	4	9.601489	-5.72819
SRR11100142	USA	4	9.172778	-6.1146336
SRR11100146	USA	4	10.383068	-5.3506465
SRR11100147	USA	4	10.390268	-5.323519
SRR11100148	USA	4	9.252531	-5.1482725
SRR11100149	USA	4	9.587929	-5.536894
SRR11100150	USA	4	8.207045	-5.346873
SRR11100152	USA	4	9.833381	-5.032463
SRR11100154	USA	4	8.879219	-4.7302933
SRR11100157	USA	4	9.629767	-5.4707894
SRR11100159	USA	4	9.433843	-4.964417
SRR11100161	USA	4	9.197151	-5.8846936
SRR11100162	USA	4	10.204981	-4.972649
SRR11100163	USA	4	9.49281	-5.3111987
SRR11100166	USA	4	8.624993	-4.0842876
SRR11100167	USA	4	10.982659	-5.3722467
SRR11100168	USA	4	8.7775545	-6.4855447
SRR11100169	USA	4	9.988142	-5.1822815
SRR11100170	USA	4	10.1697855	-5.298109
SRR11100171	USA	4	9.037706	-4.277097
SRR11100172	USA	4	8.779563	-4.359803
SRR11100173	USA	4	7.6963487	-5.701253
SRR11100174	USA	4	10.75033	-5.5686283
SRR11100176	USA	4	8.416168	-4.3001623
SRR11100177	USA	4	8.122482	-4.9590883
SRR11100178	USA	4	8.442959	-5.7947116
SRR11100181	USA	4	8.99447	-4.2509623
SRR11100183	USA	4	8.723878	-5.713465
SRR11100184	USA	4	8.7440405	-4.3631697
SRR11100185	USA	4	10.171423	-5.2332706
SRR11100186	USA	4	8.44827	-4.3816986
SRR11100188	USA	4	10.529167	-4.359461
SRR11100191	USA	4	10.364524	-4.2844925
SRR11100196	USA	4	8.835752	-4.292378
SRR11100197	USA	4	9.380716	-4.790141
SRR11100198	S. Africa	2	-2.1290278	2.3534853
SRR11100200	S. Africa	2	-2.5175986	1.6238363
SRR11100202	USA	4	8.1221485	-5.07559
SRR11100203	USA	4	9.503359	-4.525595
SRR11196609	American Samoa	4	8.95394	-7.5821757
SRR11196611	Mexico	4	8.807071	-6.856783
SRR11196612	Mexico	4	11.710024	-5.602841
SRR11196613	Mexico	4	11.737809	-5.5375338
SRR11196614	Mexico	4	11.621292	-5.9494314
SRR11196615	Mexico	4	11.284694	-6.1487412
SRR11196616	East Kenya	2	-1.252949	2.413522
SRR11196617	East Kenya	2	-1.4538956	1.9258792
SRR11196618	East Kenya	2	-2.6150439	2.7246997
SRR11196619	East Kenya	2	-1.1109856	2.9632313
SRR11196620	American Samoa	4	9.303793	-8.046812
SRR11196621	East Kenya	2	-1.0188618	2.6206439
SRR11196622	East Kenya	2	-2.9775188	1.8945289
SRR11196623	East Kenya	2	-2.694335	1.1320989
SRR11196624	East Kenya	2	-2.303052	1.1140617
SRR11196625	East Kenya	2	-2.758112	1.1984035
SRR11196626	East Kenya	2	-2.2641993	1.410568
SRR11196627	East Kenya	2	-2.5967326	1.2329133
SRR11196628	East Kenya	2	-2.8508358	2.5763693
SRR11196629	East Kenya	2	-2.379144	2.6513808
SRR11196630	East Kenya	2	-1.6413596	1.853018
SRR11196631	American Samoa	4	9.00368	-8.027251
SRR11196632	East Kenya	2	-2.0106761	2.0581872
SRR11196633	East Kenya	2	-1.8826609	2.5184572
SRR11196634	Ghana	0	15.254195	13.209245
SRR11196635	Ghana	0	16.183844	14.593047
SRR11196636	Ghana	0	14.348506	14.304572
SRR11196637	Ghana	0	16.410141	12.989009
SRR11196638	Ghana	0	16.462055	13.268804
SRR11196639	Ghana	0	16.345554	13.376145
SRR11196640	Ghana	0	16.985987	14.839989
SRR11196641	American Samoa	4	9.121422	-7.759394
SRR11196642	American Samoa	4	9.193782	-7.9529004
SRR11196643	Mexico	4	11.41037	-5.583658
SRR11196644	Mexico	4	11.827604	-5.847538
SRR11196645	Mexico	4	11.547349	-5.7756696
SRR11196646	Mexico	4	11.561806	-5.5239787
SRR11196647	Mexico	4	11.888837	-5.434237
SRR11196648	Mexico	4	11.319769	-5.875571
SRR11196649	Mexico	4	11.419072	-5.6163807
SRR11196650	Mexico	4	11.21277	-5.8254166
SRR11196651	Mexico	4	11.444159	-5.696451
SRR11196652	Mexico	4	11.600122	-5.5936313
SRR11196653	Ghana	0	15.993245	14.993769
SRR11196654	American Samoa	4	9.166365	-7.722865
SRR11196655	Ghana	0	15.985536	14.794576
SRR11196656	Ghana	0	15.314732	14.3618965
SRR11196657	Ghana	0	14.027695	14.178974
SRR11196658	Ghana	0	16.829655	14.593967
SRR11196659	Ghana	0	14.480313	13.224456
SRR11196660	Ghana	0	13.151655	14.011737
SRR11196661	Ghana	0	15.738647	14.14476
SRR11196662	Ghana	0	15.367386	15.062159
SRR11196663	Gabon	0	12.047063	16.031885
SRR11196664	Gabon	0	12.138522	15.786376
SRR11196665	American Samoa	4	9.462792	-7.9456096
SRR11196666	Gabon	0	12.347782	16.078707
SRR11196667	Gabon	0	12.848056	16.082703
SRR11196668	Gabon	0	11.574741	16.240377
SRR11196669	Gabon	0	11.76448	16.507183
SRR11196670	Gabon	0	12.705793	15.454986
SRR11196671	Gabon	0	12.172021	15.845927
SRR11196672	Gabon	0	11.870616	15.769723
SRR11196673	Gabon	0	12.347783	15.07746
SRR11196674	Gabon	0	11.808731	16.369093
SRR11196675	Gabon	0	12.019674	16.079922
SRR11196676	American Samoa	4	8.8256235	-7.9220643
SRR11196677	Gabon	0	12.056333	15.547718
SRR11196678	Gabon	0	11.783798	15.752033
SRR11196679	Gabon	0	12.126643	15.778583
SRR11196680	Gabon	0	11.776249	15.749801
SRR11196681	American Samoa	4	8.909149	-8.121592
SRR11196682	American Samoa	4	9.211856	-7.947052
SRR11196683	American Samoa	4	9.250077	-7.767121
SRR11196684	American Samoa	4	9.011903	-8.184564
SRR11196685	American Samoa	4	9.258755	-7.9539857
SRR11196686	American Samoa	4	8.886181	-8.001082
SRR11196687	American Samoa	4	8.940169	-7.94307
SRR11196688	American Samoa	4	9.201889	-7.7238126
SRR11237929	USA	4	8.488688	-4.380617
SRR11237930	USA	4	9.35196	-4.9703712
SRR11237931	USA	4	8.201708	-6.251953
SRR11237933	USA	4	10.370836	-3.7644446
SRR11237935	USA	4	8.730668	-5.659857
SRR11237936	USA	4	7.9822907	-5.222303
SRR11237937	USA	4	7.8533416	-4.979119
SRR11237938	USA	4	8.083857	-5.0395603
SRR11237939	USA	4	8.378545	-5.0336013
SRR11237940	USA	4	8.668626	-5.750394
SRR11237941	USA	4	8.56277	-5.216324
SRR11237942	USA	4	9.066324	-5.9596663
SRR11237944	USA	4	10.45504	-3.7599676
SRR11237945	USA	4	8.525623	-4.632369
SRR11237948	USA	4	8.258791	-4.236012
SRR11237949	USA	4	8.423337	-4.533462
SRR11237950	USA	4	7.952306	-6.1660395
SRR11237952	USA	4	9.249852	-5.601774
SRR11237954	USA	4	8.492855	-5.0562835
SRR11237955	USA	4	8.635151	-5.9086046
SRR11237958	USA	4	8.593914	-3.9224691
SRR11237959	USA	4	8.271552	-5.5160227
SRR11237960	USA	4	9.068698	-3.310668
SRR11237961	USA	4	8.653	-5.763385
SRR11237963	USA	4	8.302203	-3.9823568
SRR11237964	USA	4	8.655502	-5.760161
SRR11237965	USA	4	8.592871	-3.913107
SRR11237966	USA	4	8.45544	-3.761772
SRR11237971	USA	4	10.704931	-3.809575
SRR11237972	USA	4	10.59291	-3.8419137
SRR11237975	USA	4	10.432041	-4.233815
SRR11237977	USA	4	9.778925	-5.7396555
SRR11237978	USA	4	9.711547	-3.7398922
SRR11237981	USA	4	10.024928	-3.521661
SRR11237982	USA	4	9.587651	-3.210129
SRR11237985	USA	4	8.13016	-5.5635605
SRR11237986	USA	4	8.597813	-4.298302
SRR11237987	USA	4	10.402911	-5.0687876
SRR11237988	USA	4	9.466875	-3.5758264
SRR11237989	USA	4	9.293337	-3.9314692
SRR11237991	USA	4	10.228564	-3.7567708
SRR11237992	USA	4	10.496937	-3.9666185
SRR11237997	USA	4	8.510888	-5.1471725
SRR11237998	USA	4	10.542931	-4.9798465
SRR11237999	USA	4	8.313132	-5.7493896
SRR11238002	USA	4	8.697669	-4.2289186
SRR11238003	USA	4	10.469667	-3.7386355
SRR11238004	USA	4	8.350538	-4.0878854
SRR11238006	USA	4	8.689796	-4.3663354
SRR11238007	USA	4	8.719487	-5.5832915
SRR11238008	USA	4	9.127414	-3.189684
SRR11238009	USA	4	10.485924	-3.7433884
SRR11238010	USA	4	10.428324	-4.3744802
SRR11238011	USA	4	10.532746	-4.1881027
SRR11238014	USA	4	10.648102	-3.28647
SRR11238015	USA	4	9.919785	-3.103557
SRR11238017	USA	4	9.87165	-3.1960263
SRR11238018	USA	4	9.851049	-3.2372723
SRR11238019	USA	4	10.01623	-3.457707
SRR11238020	USA	4	10.497752	-4.4735627
SRR11238022	USA	4	9.3500185	-3.4495814
SRR14196803	LAB	4	8.623777	-6.568506
SRR14196805	LAB	4	7.5272875	-6.1111617
SRR14196806	LAB	4	7.794555	-6.1313605
SRR14196807	LAB	4	8.02343	-6.216669
SRR14196811	LAB	4	7.77897	-5.8720784
SRR14333858	USA	4	9.857649	-3.6990972
SRR14333859	USA	4	10.4446125	-4.3005857
SRR14333860	USA	4	9.38877	-4.001832
SRR14333862	USA	4	8.440676	-5.624978
SRR14333863	USA	4	7.745852	-6.50662
SRR14333870	USA	4	7.1501822	-5.2294445
SRR14333871	USA	4	7.123698	-5.271755
SRR14333873	USA	4	8.7451	-5.8405647
SRR14333876	USA	4	7.37163	-5.152786
SRR14333877	USA	4	6.7332783	-4.8891926
SRR14333878	USA	4	7.609847	-5.6214566
SRR14333879	USA	4	7.6426086	-5.77017
SRR14333880	USA	4	9.291162	-4.907624
SRR14333881	USA	4	7.6757064	-5.3457522
SRR14333887	USA	4	10.453667	-4.648103
SRR14333890	USA	4	10.424696	-4.7537966
SRR14333891	USA	4	10.069629	-5.155888
SRR5519646	USA	4	7.697406	-5.770655
SRR5562752	USA	4	10.407874	-3.916209
SRR5562853	USA	4	9.121424	-4.0544286
SRR5562854	USA	4	10.133924	-4.4098597
SRR5562856	USA	4	9.759988	-3.8002687
SRR5562858	USA	4	9.704716	-4.596713
SRR5562860	USA	4	8.208912	-5.868513
SRR5562864	USA	4	9.95674	-5.868225
SRR5562865	USA	4	11.128255	-5.5283666
SRR5562866	USA	4	9.201152	-5.3054423
SRR5562868	USA	4	8.051136	-4.8433137
SRR5562869	USA	4	8.380425	-5.000619
SRR5562871	USA	4	11.488623	-5.56747
SRR5562872	USA	4	11.206868	-5.6378345
SRR5562873	USA	4	9.524242	-4.695477
SRR5562875	USA	4	9.426596	-6.9217033
SRR5562876	USA	4	9.485414	-6.723549
SRR5562877	USA	4	7.439216	-5.5515876
SRR5562878	USA	4	10.091824	-4.097635
SRR5562879	USA	4	9.307403	-3.756248
SRR6313629	Australia	4	8.02633	-7.137726
SRR6313630	LAB	4	8.078084	-5.9517617
SRR6313631	USA	4	8.885378	-4.7756743
SRR6313632	Costa Rica	4	7.945515	-6.119001
SRR9959076	Mauritius	1	-8.805853	9.00709
SRR9959082	Mauritius	1	-8.648324	8.8134575
SRR9959083	Mauritius	1	-8.755785	8.828022
