	Senegal	Burkina Faso	Ghana	Nigeria	West Kenya	Gabon	Uganda	LAB - NakhR	Thailand	East Kenya Outlier	Brazil	USA	American Samoa	Mexico	LAB -Other	East Kenya	S. Africa	LAB - Bora-Bora	Madagascar	Mauritius	ReferenceOrgPosition	GenePosition	Ref/Ref	Ref/Alt	Alt/Alt
GABA_p.Ser2Thr	0	0	1	0	0	0	0	0	0	0	0	0	0	0	0	0	0	0	0	0	p.Ser8Thr	XM_021840622.1_41630388	735	1	0
GABA_p.Ile5Val	1	0	0	0	0	0	0	0	0	0	0	0	0	0	0	0	0	0	0	0	p.Ile11Val	XM_021840622.1_41630397	735	1	0
GABA_41630400stop_gainedT	1	0	0	0	0	0	0	0	0	0	0	0	0	0	0	0	0	0	0	0		0	735	1	0
GABA_p.Glu6Lys	0	0	0	0	0	0	0	0	0	0	0	1	0	0	0	0	0	0	0	0	p.Glu12Lys	XM_021840622.1_41630400	735	1	0
GABA_p.Arg11Gly	0	0	0	0	0	0	0	0	0	0	0	1	0	0	0	0	0	0	0	0	p.Arg17Gly	XM_021840622.1_41630415	735	1	0
GABA_p.Pro13Ser	0	0	0	0	0	6	0	0	0	0	0	0	0	0	0	0	0	0	0	0	p.Pro19Ser	XM_021840622.1_41630421	730	6	0
GABA_p.Ser14Thr	0	0	0	0	2	0	0	0	0	0	0	0	0	0	0	0	0	0	0	0	p.Ser20Thr	XM_021840622.1_41630424	734	2	0
GABA_p.Gly16Cys	2	0	0	1	0	0	0	0	0	0	0	0	0	0	0	1	0	0	0	0	p.Gly22Cys	XM_021840622.1_41630430	732	4	0
GABA_p.Gly16Ser	0	0	0	0	0	1	0	0	0	0	0	0	0	0	0	0	0	0	0	0	p.Gly22Ser	XM_021840622.1_41630430	735	1	0
GABA_p.Val17Ala	0	0	0	0	0	0	1	0	0	0	0	0	0	0	0	0	0	0	0	0	p.Val23Ala	XM_021840622.1_41630434	735	1	0
GABA_p.Leu18Ile	0	0	1	0	0	0	0	0	0	0	0	0	0	0	0	0	0	0	0	0		XM_021840622.1_41630436	735	1	0
GABA_p.Leu24Met	0	0	0	0	0	0	0	0	0	0	0	0	0	0	0	1	0	0	0	0	p.Leu29Met	XM_021840622.1_41630454	735	1	0
GABA_p.Thr35Ala	1	1	0	0	0	0	0	0	0	0	0	0	0	0	0	0	0	0	0	0	p.Thr40Ala	XM_021840622.1_41630487	734	2	0
GABA_p.Pro36Gln	1	0	0	0	0	0	0	0	0	0	0	0	0	0	0	0	0	0	0	0	p.Pro41Gln	XM_021840622.1_41630491	735	1	0
GABA_p.Tyr38Cys	0	0	0	0	0	0	0	0	0	1	0	0	0	0	0	0	0	0	0	0	p.Tyr43Cys	XM_021840622.1_41630497	735	1	0
GABA_p.Tyr38Phe	0	0	0	0	0	0	0	0	0	0	0	0	0	0	0	1	0	0	0	0	p.Tyr43Phe	XM_021840622.1_41630497	735	1	0
GABA_p.Gly44Ala	0	0	0	0	0	0	0	0	0	0	0	0	0	0	0	1	0	0	0	0	p.Gly49Ala	XM_021840622.1_41742515	735	1	0
GABA_p.Ile54Met	0	0	0	0	0	0	0	0	0	0	0	1	0	0	0	0	0	0	0	0	p.Ile59Met	XM_021840622.1_41742546	735	1	0
GABA_p.Val63Asp	0	0	0	0	0	0	0	0	4	0	0	0	0	0	0	0	0	0	0	0	p.Val68Asp	XM_021840622.1_41742572	732	4	0
GABA_p.Tyr73Cys	0	0	0	0	0	0	0	0	0	0	0	0	0	0	1	0	0	0	0	0	p.Tyr78Cys	XM_021840622.1_41742602	735	1	0
GABA_p.Gly74Arg	0	0	0	0	0	0	0	0	1	0	0	0	0	0	0	0	0	0	0	0	p.Gly79Arg	XM_021840622.1_41742604	735	1	0
GABA_p.Pro76Leu	0	0	0	0	0	0	0	0	0	0	0	9	0	0	0	0	0	0	0	0	p.Pro81Leu	XM_021840622.1_41755096	727	8	1
GABA_p.Glu79Asp	3	2	2	0	0	4	0	0	5	0	0	0	0	0	0	2	0	0	0	0	p.Glu84Asp	XM_021840622.1_41755106	718	18	0
GABA_p.Val80Ala	0	0	0	0	0	0	0	0	1	0	0	0	0	0	0	0	0	0	0	0	p.Val85Ala	XM_021840622.1_41755108	735	1	0
GABA_41755110stop_gainedT	0	0	0	0	0	1	0	0	0	0	0	0	0	0	0	0	0	0	0	0		0	735	1	0
GABA_p.Trp109Leu	0	0	0	0	0	0	0	0	0	0	0	1	0	0	0	0	0	0	0	0	p.Trp114Leu	XM_021840622.1_41786061	735	1	0
GABA_p.Ser110Thr	110	34	58	19	37	56	39	8	20	14	16	157	16	15	9	107	2	9	4	3	p.Ser115Thr	XM_021840622.1_41786063	1	2	731
GABA_p.Ser110Ala	0	0	0	0	0	0	0	0	0	0	0	3	0	0	0	0	0	0	0	0	p.Ser115Ala	XM_021840622.1_41786063	3	0	3
GABA_p.Gly121Cys	0	0	0	0	0	0	0	0	0	0	0	1	0	0	0	0	0	0	0	0	p.Gly126Cys	XM_021840622.1_41786096	735	1	0
GABA_p.Asn134Lys	0	1	0	0	0	0	0	0	0	0	0	0	0	0	0	0	0	0	0	0	p.Asn139Lys	XM_021840622.1_41786137	735	1	0
GABA_p.Ile135Val	0	0	0	0	0	0	0	0	1	0	0	0	0	0	0	0	0	0	0	0	p.Ile140Val	XM_021840622.1_41786138	735	1	0
GABA_p.Pro138Leu	0	0	0	0	0	0	0	0	0	0	0	1	0	0	0	0	0	0	0	0	p.Pro143Leu	XM_021840622.1_41786148	735	1	0
GABA_p.Thr140Ala	0	0	0	0	0	0	0	0	0	0	0	1	0	0	0	0	0	0	0	0	p.Thr145Ala	XM_021840622.1_41786153	735	1	0
GABA_p.Ile152Val	0	0	0	0	0	0	1	0	0	0	0	0	0	0	0	0	0	0	0	0	p.Ile157Val	XM_021840622.1_41786189	735	1	0
GABA_p.Ile152Met	0	0	0	0	0	0	0	0	0	0	0	1	0	0	0	0	0	0	0	0	p.Ile157Met	XM_021840622.1_41786191	735	1	0
GABA_p.Ser156Cys	0	0	0	0	0	0	0	0	0	0	0	2	0	0	0	0	0	0	0	0	p.Ser161Cys	XM_021840622.1_41786201	734	2	0
GABA_p.Ile196Val	0	0	0	0	0	0	0	0	0	0	0	0	0	0	0	1	0	0	0	0	p.Ile201Val	XM_021840622.1_41790411	735	1	0
GABA_p.Val225Gly	0	0	0	0	0	0	0	0	0	0	0	1	0	0	0	0	0	0	0	0	p.Val230Gly	XM_021840622.1_41818582	735	1	0
GABA_p.Leu227Ser	0	0	0	0	0	0	0	0	0	0	0	1	0	0	0	0	0	0	0	0	p.Leu232Ser	XM_021840622.1_41818588	735	1	0
GABA_p.Arg238His	0	0	0	0	0	0	0	0	0	0	0	1	0	0	0	0	0	0	0	0	p.Arg243His	XM_021840622.1_41818621	735	1	0
GABA_p.Tyr249His	0	0	0	0	0	0	0	0	0	0	0	1	0	0	0	0	0	0	0	0	p.Tyr254His	XM_021840622.1_41847649	735	1	0
GABA_p.Ile256Met	0	0	0	0	0	1	0	0	0	0	0	0	0	0	0	0	0	0	0	0	p.Ile261Met	XM_021840622.1_41847672	735	1	0
GABA_p.Gly263Arg	0	0	0	0	0	0	0	0	0	0	0	0	0	0	0	1	0	0	0	0	p.Gly268Arg	XM_021840622.1_41847691	735	1	0
GABA_p.Ile271Val	0	0	0	0	0	0	0	0	0	0	0	1	0	0	0	0	0	0	0	0	p.Ile276Val	XM_021840622.1_41847715	735	1	0
GABA_p.Ser273Pro	0	0	0	0	0	0	0	0	0	0	0	1	0	0	0	0	0	0	0	0	p.Ser278Pro	XM_021840622.1_41847721	735	1	0
GABA_p.Ala293Thr	0	0	0	0	0	0	0	0	0	0	0	1	0	0	0	0	0	0	0	0	p.Ala298Thr	XM_021840622.1_41847781	735	1	0
GABA_p.Ala296Ser	3	4	2	0	0	7	0	1	11	0	2	97	0	0	0	3	1	0	0	0	p.Ala301Ser	XM_021840622.1_41847790	605	89	42
GABA_p.Ala314Ser	0	0	0	0	0	0	0	0	0	0	0	0	0	0	0	1	0	0	0	0	p.Ala319Ser	XM_021840622.1_41847844	735	1	0
GABA_p.Ala314Thr	0	0	0	0	0	0	0	0	0	0	0	2	0	0	0	0	0	0	0	0	p.Ala319Thr	XM_021840622.1_41847844	734	2	0
GABA_p.Val327Ile	0	0	0	0	0	0	0	2	2	0	0	2	0	0	0	0	0	0	0	0	p.Val332Ile	XM_021840622.1_41847883	730	6	0
GABA_p.Cys332Phe	0	0	0	0	0	0	0	0	0	0	0	1	0	0	0	0	0	0	0	0	p.Cys337Phe	XM_021840622.1_41847899	735	1	0
GABA_p.Arg356Cys	0	0	0	0	0	0	0	0	0	0	0	1	0	0	0	0	0	0	0	0	p.Arg361Cys	XM_021840622.1_41851734	735	1	0
GABA_p.Lys357Met	0	0	0	0	0	0	0	0	0	0	0	1	0	0	0	0	0	0	0	0	p.Lys362Met	XM_021840622.1_41851738	735	1	0
GABA_p.Pro382Thr	1	0	0	0	0	0	0	0	0	0	0	0	0	0	0	0	0	0	0	0	p.Pro391Thr	XM_021840622.1_41851812	735	1	0
GABA_p.His391Asn	0	0	0	0	0	0	0	0	0	1	0	0	0	0	0	0	0	0	0	0	p.His429Asn	XM_021840622.1_41851839	735	1	0
GABA_p.Thr404Lys	0	0	0	0	0	0	0	0	1	0	0	0	0	0	0	0	0	0	0	0	p.Thr443Lys	XM_021840622.1_41851879	735	1	0
GABA_p.Gly410Ala	0	1	1	0	0	0	1	0	0	0	0	0	0	0	0	0	0	0	0	0		XM_021840622.1_41851897	733	3	0
GABA_p.Val419Ala	0	0	1	0	0	0	0	0	0	0	0	0	0	0	0	0	0	0	0	0		XM_021840622.1_41851924	735	1	0
GABA_p.Asn461Thr	0	0	0	0	0	0	0	0	0	0	0	1	0	0	0	0	0	0	0	0	p.Asn469Thr	XM_021840622.1_41852050	735	1	0
GABA_p.Gly468Asp	0	0	1	0	0	0	0	0	0	0	0	0	0	0	0	0	0	0	0	0	p.Gly487Asp	XM_021840622.1_41852071	735	1	0
GABA_p.Pro469Ala	0	0	0	0	2	0	0	0	0	0	0	0	0	0	0	0	0	0	0	0	p.Pro488Ala	XM_021840622.1_41852073	734	2	0
GABA_41852078disruptive_inframe_deletionG	0	0	0	0	0	0	0	0	0	0	0	0	0	0	0	1	0	0	0	0		0	735	1	0
GABA_41852090conservative_inframe_deletionT	0	0	0	0	0	0	0	0	0	0	0	0	0	0	0	1	0	0	0	0		0	735	1	0
GABA_p.Gly482Ala	0	0	2	0	0	0	0	0	0	0	0	0	0	0	0	0	0	0	0	0	p.Gly499Ala	XM_021840622.1_41852113	734	2	0
GABA_p.Ile512Val	0	0	0	0	0	0	0	0	0	0	0	1	0	0	0	0	0	0	0	0	p.Ile539Val	XM_021840622.1_41859374	735	1	0
GABA_p.Pro521Gln	0	0	0	0	1	0	0	0	0	0	0	0	0	0	0	0	0	0	0	0	p.Pro548Gln	XM_021840622.1_41859402	735	1	0
GABA_p.Val525Leu	0	0	0	0	0	0	0	0	2	0	0	0	0	0	0	0	0	0	0	0	p.Val552Leu	XM_021840622.1_41859413	734	2	0
GABA_41859487frameshift_variantC	0	0	0	0	0	0	0	0	0	0	2	0	0	0	0	0	0	0	0	0		0	734	2	0
GABA_p.Glu552Asp	0	0	0	0	0	0	0	0	0	0	0	0	0	0	0	1	0	0	0	0		XM_021840622.1_41859496	735	1	0
GSTE2_p.Thr2Met	0	0	0	0	0	0	0	0	0	0	0	0	0	0	0	1	0	0	0	0	p.Thr2Met	XM_021846286.1_351633660	735	1	0
GSTE2_p.Thr2Lys	0	0	0	0	1	0	0	0	0	0	0	0	0	0	0	0	0	0	0	0	p.Thr2Lys	XM_021846286.1_351633660	735	1	0
GSTE2_p.Ile5Val	0	0	0	0	0	0	0	0	0	0	0	0	0	0	0	5	0	0	0	0	p.Ile5Val	XM_021846286.1_351633668	731	4	1
GSTE2_p.Leu6Ser	0	0	1	0	0	0	0	0	0	0	0	0	0	0	0	0	0	0	0	0	p.Leu6Ser	XM_021846286.1_351633672	735	1	0
GSTE2_p.Tyr7Cys	1	0	0	0	0	0	0	0	0	0	0	0	0	0	0	0	0	0	0	0	p.Tyr7Cys	XM_021846286.1_351633675	735	1	0
GSTE2_p.Leu9Ile	30	17	14	5	10	18	8	0	0	1	0	39	0	0	0	9	0	0	0	0	p.Leu9Ile	XM_021846286.1_351633680	585	115	36
GSTE2_p.Val11Glu	0	0	0	0	0	0	0	0	0	0	0	0	0	0	0	12	0	0	0	0	p.Val11Glu	XM_021846286.1_351633687	724	12	0
GSTE2_p.Ala22Val	0	0	0	0	0	0	0	0	0	0	0	0	0	0	0	1	0	0	0	0	p.Ala22Val	XM_021846286.1_351633720	735	1	0
GSTE2_p.Lys23Arg	0	0	0	0	0	0	0	0	0	0	0	6	0	0	0	31	1	0	0	0	p.Lys23Arg	XM_021846286.1_351633723	698	34	4
GSTE2_p.Lys23Ile	0	0	0	0	0	0	2	0	0	0	0	0	0	0	0	0	0	0	0	0	p.Lys23Ile	XM_021846286.1_351633723	730	2	0
GSTE2_p.Leu25Pro	0	0	0	0	0	0	0	0	0	0	0	1	0	0	0	0	0	0	0	0	p.Leu25Pro	XM_021846286.1_351633729	735	1	0
GSTE2_p.Gly26Asp	0	0	0	0	0	0	0	0	0	0	0	0	0	0	0	1	0	0	0	0	p.Gly26Asp	XM_021846286.1_351633732	735	1	0
GSTE2_p.Glu28Gly	0	0	0	0	0	1	0	0	0	0	0	0	0	0	0	0	0	0	0	0	p.Glu28Gly	XM_021846286.1_351633738	735	1	0
GSTE2_p.Glu28Asp	0	0	1	0	1	0	0	0	0	0	0	0	0	0	0	0	0	0	0	0	p.Glu28Asp	XM_021846286.1_351633739	734	2	0
GSTE2_p.Gln31Glu	0	0	0	0	0	0	0	0	0	0	0	1	0	0	0	0	0	0	0	0	p.Gln31Glu	XM_021846286.1_351633746	735	1	0
GSTE2_p.Thr33Met	0	0	0	0	0	0	3	0	0	0	0	0	0	0	0	0	0	0	0	0	p.Thr33Met	XM_021846286.1_351633753	733	3	0
GSTE2_p.Val34Ile	0	0	0	0	1	3	0	0	0	0	0	10	0	0	0	31	2	0	0	0	p.Val34Ile	XM_021846286.1_351633755	689	40	7
GSTE2_p.Val34Ala	0	0	0	1	0	0	0	0	0	0	0	0	0	0	0	0	0	0	0	0	p.Val34Ala	XM_021846286.1_351633756	735	1	0
GSTE2_p.Leu37Val	0	0	0	0	0	0	0	0	0	0	0	0	0	0	0	1	0	0	0	0	p.Leu37Val	XM_021846286.1_351633764	735	1	0
GSTE2_p.Thr38Ala	0	0	0	0	1	0	0	0	0	0	0	0	0	0	0	0	0	0	0	0	p.Thr38Ala	XM_021846286.1_351633767	735	1	0
GSTE2_p.Met47Ile	14	3	11	4	20	6	18	0	0	0	0	0	0	0	0	5	0	0	0	0	p.Met47Ile	XM_021846286.1_351633796	655	71	10
GSTE2_351633799splice_donor_variant&splice_region_variant&intron_variantG	0	0	0	0	0	0	0	0	0	0	0	0	0	0	0	2	0	0	0	0		0	734	2	0
GSTE2_p.Met49Leu	0	1	0	0	0	0	0	0	0	0	0	0	0	0	0	0	0	0	0	0	p.Met49Leu	XM_021846286.1_351633861	735	1	0
GSTE2_p.Met49Ile	1	0	0	0	0	0	0	0	0	0	0	0	0	0	0	0	0	0	0	0	p.Met49Ile	XM_021846286.1_351633863	727	1	0
GSTE2_p.Gln52His	0	0	0	0	0	2	0	0	0	0	0	0	0	0	0	0	0	0	0	0	p.Gln52His	XM_021846286.1_351633872	734	2	0
GSTE2_351633876frameshift_variantA	1	0	0	0	0	0	0	0	0	0	0	0	0	0	0	0	0	0	0	0		0	735	1	0
GSTE2_p.Val57Met	0	1	0	0	0	0	0	0	0	0	0	0	0	0	0	0	0	0	0	0	p.Val57Met	XM_021846286.1_351633885	735	1	0
GSTE2_p.Thr63Ile	0	0	0	0	0	0	0	0	0	0	0	0	0	0	0	1	0	0	0	0	p.Thr63Ile	XM_021846286.1_351633904	735	1	0
GSTE2_p.Val65Ile	0	0	0	0	0	0	0	0	0	0	0	0	0	0	0	1	0	0	0	0	p.Val65Ile	XM_021846286.1_351633909	735	1	0
GSTE2_p.His69Arg	0	0	0	0	0	0	0	0	0	0	0	1	0	0	0	0	0	0	0	0	p.His69Arg	XM_021846286.1_351633922	735	1	0
GSTE2_p.Tyr79Phe	0	0	0	0	0	0	0	0	0	0	0	0	0	0	0	1	0	0	0	0	p.Tyr79Phe	XM_021846286.1_351633952	735	1	0
GSTE2_p.Gly80Ser	0	0	0	0	1	0	0	0	0	0	0	0	0	0	0	0	0	0	0	0	p.Gly80Ser	XM_021846286.1_351633954	735	1	0
GSTE2_p.Lys81Asn	0	0	0	0	0	1	1	0	0	0	0	0	0	0	0	0	0	0	0	0	p.Lys81Asn	XM_021846286.1_351633959	734	2	0
GSTE2_p.Asp82Asn	0	0	0	0	0	0	0	0	0	0	0	0	0	0	0	0	0	0	0	1	p.Asp82Asn	XM_021846286.1_351633960	735	1	0
GSTE2_p.Asp83Val	0	1	0	0	0	0	0	0	0	0	0	0	0	0	0	0	0	0	0	0	p.Asp83Val	XM_021846286.1_351633964	735	1	0
GSTE2_p.Ser84Asn	0	0	0	0	1	0	0	0	0	0	0	0	0	0	0	1	0	0	0	0	p.Ser84Asn	XM_021846286.1_351633967	734	2	0
GSTE2_p.Lys88Glu	1	0	0	0	0	0	0	0	0	0	0	0	0	0	0	0	0	0	0	0	p.Lys88Glu	XM_021846286.1_351633978	735	1	0
GSTE2_p.Val91Ile	0	0	0	0	0	0	0	0	0	0	0	0	0	0	0	1	0	0	0	0	p.Val91Ile	XM_021846286.1_351633987	735	1	0
GSTE2_p.Val91Ala	1	1	0	0	0	0	0	0	0	0	0	0	0	0	0	0	0	0	0	0	p.Val91Ala	XM_021846286.1_351633988	734	2	0
GSTE2_p.Ala94Ser	0	0	0	0	0	0	0	0	0	0	0	0	0	0	0	1	0	0	0	0	p.Ala94Ser	XM_021846286.1_351633996	735	1	0
GSTE2_p.Ala94Val	1	0	0	0	0	0	0	0	0	0	0	0	0	0	0	0	0	0	0	0	p.Ala94Val	XM_021846286.1_351633997	735	1	0
GSTE2_p.Leu100Phe	0	0	0	0	0	0	0	0	0	0	0	0	0	0	0	1	0	0	0	0	p.Leu100Phe	XM_021846286.1_351634014	735	1	0
GSTE2_p.Gly105Ser	0	0	0	0	0	0	0	0	0	0	0	9	0	0	0	0	0	0	0	0	p.Gly105Ser	XM_021846286.1_351634029	727	8	1
GSTE2_p.Val106Asp	0	0	0	1	0	0	0	0	0	0	0	0	0	0	0	0	0	0	0	0	p.Val106Asp	XM_021846286.1_351634033	735	1	0
GSTE2_p.Arg110Ser	0	0	0	0	0	0	0	0	0	0	0	1	0	0	0	0	0	0	0	0	p.Arg110Ser	XM_021846286.1_351634044	735	1	0
GSTE2_p.Leu111Ser	25	7	24	4	3	15	3	0	0	0	16	111	16	14	4	48	2	9	0	0	p.Leu111Ser	XM_021846286.1_351634048	435	173	128
GSTE2_p.Leu111Phe	1	0	0	0	0	5	0	0	0	0	0	0	0	0	0	0	0	0	0	0	p.Leu111Phe	XM_021846286.1_351634049	634	5	1
GSTE2_p.Cys115Phe	82	19	39	13	37	39	30	0	0	14	16	114	16	15	8	105	2	9	1	0	p.Cys115Phe	XM_021846286.1_351634060	156	106	453
GSTE2_p.Cys115Ser	35	0	13	3	16	14	20	0	0	0	0	3	0	0	0	4	0	1	0	0	p.Cys115Ser	XM_021846286.1_351634060	238	24	85
GSTE2_p.Glu116Gln	1	0	0	0	0	0	0	0	0	0	0	0	0	0	0	0	0	0	0	0	p.Glu116Gln	XM_021846286.1_351634565	735	1	0
GSTE2_351634566frameshift_variant&splice_region_variantACC	1	0	0	0	0	0	0	0	0	0	0	0	0	0	0	0	0	0	0	0		0	735	1	0
GSTE2_p.Gly123Glu	1	0	1	0	14	1	11	0	0	0	0	0	0	0	0	2	0	0	0	0	p.Gly123Glu	XM_021846286.1_351634587	706	26	4
GSTE2_p.Ser124Ala	0	0	0	0	1	0	0	0	0	0	0	0	0	0	0	0	0	0	0	0	p.Ser124Ala	XM_021846286.1_351634589	735	1	0
GSTE2_p.Ser124Tyr	0	0	0	0	0	0	0	0	0	10	0	0	0	0	0	2	0	0	0	0	p.Ser124Tyr	XM_021846286.1_351634590	724	9	3
GSTE2_p.Ser124Phe	0	0	0	0	0	0	0	0	0	0	0	0	0	0	0	1	0	0	0	0	p.Ser124Phe	XM_021846286.1_351634590	732	1	0
GSTE2_p.Glu125Asp	1	0	0	0	0	0	0	0	0	0	0	0	0	0	0	0	0	0	0	0	p.Glu125Asp	XM_021846286.1_351634594	157	0	1
GSTE2_p.Pro127Gln	0	0	0	0	1	0	0	0	0	0	0	0	0	0	0	0	0	0	0	0	p.Pro127Gln	XM_021846286.1_351634599	735	1	0
GSTE2_p.Ala128Val	0	0	0	0	0	0	0	0	0	0	0	0	0	0	0	0	0	0	1	1	p.Ala128Val	XM_021846286.1_351634602	734	2	0
GSTE2_p.Asp129Asn	1	0	0	0	0	0	0	0	0	0	0	0	0	0	0	0	0	0	0	0	p.Asp129Asn	XM_021846286.1_351634604	735	1	0
GSTE2_p.Ala131Val	0	0	0	0	2	0	0	0	0	0	0	0	0	0	0	3	0	0	0	0	p.Ala131Val	XM_021846286.1_351634611	731	4	1
GSTE2_p.Tyr133Ser	0	0	0	0	0	0	0	0	0	0	0	0	0	0	0	0	0	0	0	1	p.Tyr133Ser	XM_021846286.1_351634617	735	1	0
GSTE2_p.Lys136Gln	1	0	0	0	0	0	0	0	0	0	0	0	0	0	0	0	0	0	0	0	p.Lys136Gln	XM_021846286.1_351634625	735	1	0
GSTE2_p.Thr144Ile	0	0	0	0	0	0	1	0	0	0	0	0	0	0	0	0	0	0	0	0	p.Thr144Ile	XM_021846286.1_351634650	735	1	0
GSTE2_p.Asp147Glu	0	0	0	0	0	0	0	0	0	0	0	0	0	0	0	0	0	0	0	1	p.Asp147Glu	XM_021846286.1_351634660	735	1	0
GSTE2_p.Ile150Val	110	34	58	19	35	56	39	0	0	11	16	147	16	15	8	105	2	8	4	3	p.Ile150Val	XM_021846286.1_351634667	50	57	629
GSTE2_p.Val151Met	0	0	0	0	2	0	0	0	0	0	0	0	0	0	0	0	0	0	0	0	p.Val151Met	XM_021846286.1_351634670	734	2	0
GSTE2_p.Gly152Glu	1	0	0	0	0	0	0	0	0	0	0	0	0	0	0	0	0	0	1	0	p.Gly152Glu	XM_021846286.1_351634674	734	2	0
GSTE2_p.Leu155Val	1	0	0	0	0	0	0	0	0	0	0	0	0	0	0	0	0	0	0	0	p.Leu155Val	XM_021846286.1_351634682	735	1	0
GSTE2_p.Thr156Lys	1	0	0	0	0	0	0	0	0	0	0	0	0	0	0	0	0	0	0	0	p.Thr156Lys	XM_021846286.1_351634686	735	1	0
GSTE2_p.Ala158Gly	1	0	0	0	0	0	0	0	0	0	0	0	0	0	0	0	0	0	0	0	p.Ala158Gly	XM_021846286.1_351634692	735	1	0
GSTE2_p.Ala158Val	0	0	0	0	0	0	0	0	0	0	0	0	0	0	0	1	0	0	0	0	p.Ala158Val	XM_021846286.1_351634692	735	1	0
GSTE2_p.Cys162Phe	0	0	0	0	0	1	0	0	0	0	0	0	0	0	0	0	0	0	0	0	p.Cys162Phe	XM_021846286.1_351634704	735	1	0
GSTE2_p.Val163Ile	0	0	0	0	0	0	0	0	0	0	0	0	0	0	0	1	0	0	0	0	p.Val163Ile	XM_021846286.1_351634706	735	1	0
GSTE2_p.Val163Ala	0	0	0	0	0	0	0	0	0	0	0	0	0	0	0	1	0	0	0	0	p.Val163Ala	XM_021846286.1_351634707	735	1	0
GSTE2_p.Ile169Ser	45	17	13	6	8	20	12	0	0	1	0	42	0	0	0	8	0	0	0	0	p.Ile169Ser	XM_021846286.1_351634725	564	109	63
GSTE2_p.Met170Ile	0	0	0	0	0	0	0	0	0	0	0	0	0	0	0	0	0	0	1	0	p.Met170Ile	XM_021846286.1_351634729	735	1	0
GSTE2_p.Val172Glu	0	0	0	0	0	0	0	0	0	0	0	0	0	0	1	0	0	0	0	0	p.Val172Glu	XM_021846286.1_351634734	735	1	0
GSTE2_p.Pro174Ser	2	1	1	0	0	4	3	0	0	0	0	0	0	0	0	0	0	0	0	0	p.Pro174Ser	XM_021846286.1_351634739	725	10	1
GSTE2_p.Met175Thr	1	0	0	0	0	0	0	0	0	0	0	0	0	0	0	0	0	0	0	0	p.Met175Thr	XM_021846286.1_351634743	735	1	0
GSTE2_p.Met175Ile	0	0	0	0	0	0	1	0	0	0	0	0	0	0	0	0	0	0	0	0	p.Met175Ile	XM_021846286.1_351634744	735	0	1
GSTE2_p.Lys177Glu	0	1	0	0	2	2	0	0	0	0	0	0	0	0	0	2	0	1	0	0	p.Lys177Glu	XM_021846286.1_351634748	728	7	1
GSTE2_351634749frameshift_variantA	0	0	0	0	0	1	0	0	0	0	0	0	0	0	0	0	0	0	0	0		0	735	1	0
GSTE2_p.Glu178Lys	1	0	2	0	1	0	0	0	0	0	0	0	0	0	0	0	0	0	0	0	p.Glu178Lys	XM_021846286.1_351634751	732	4	0
GSTE2_p.Glu178Ala	0	0	0	0	0	0	0	0	0	0	0	0	0	0	0	1	0	0	0	0	p.Glu178Ala	XM_021846286.1_351634753	322	0	1
GSTE2_p.Glu178Val	0	0	0	0	0	0	0	0	0	0	0	0	0	0	0	1	0	0	1	1	p.Glu178Val	XM_021846286.1_351634752	322	0	3
GSTE2_351634753frameshift_variantGCC	0	0	0	0	0	1	0	0	0	0	0	0	0	0	0	0	0	0	0	0		0	322	0	1
GSTE2_p.Pro181Ser	0	0	0	0	0	0	0	0	0	0	0	0	0	0	0	2	0	0	0	0	p.Pro181Ser	XM_021846286.1_351634760	734	2	0
GSTE2_p.Tyr184Phe	0	0	0	0	0	0	0	0	0	0	0	0	0	0	0	1	0	0	0	0	p.Tyr184Phe	XM_021846286.1_351634770	735	1	0
GSTE2_p.Gly185Ser	1	0	0	0	0	0	0	0	0	0	0	0	0	0	0	1	0	0	0	0	p.Gly185Ser	XM_021846286.1_351634772	734	2	0
GSTE2_p.Gly185Asp	1	0	0	0	0	0	0	0	0	0	0	0	0	0	0	0	0	0	0	0	p.Gly185Asp	XM_021846286.1_351634773	735	1	0
GSTE2_p.Asp188Gly	0	0	0	0	0	0	0	0	0	0	0	0	0	0	0	0	0	0	4	2	p.Asp188Gly	XM_021846286.1_351634782	730	6	0
GSTE2_p.Leu190Met	0	0	0	0	0	0	0	0	0	0	0	0	0	3	4	0	0	0	0	0	p.Leu190Met	XM_021846286.1_351634787	729	7	0
GSTE2_p.Ala192Val	0	0	0	0	0	0	0	0	0	0	0	0	0	0	0	1	0	0	0	0	p.Ala192Val	XM_021846286.1_351634794	735	1	0
GSTE2_p.Pro194Ser	1	0	0	0	0	0	1	0	0	0	0	0	0	0	0	1	0	0	0	0	p.Pro194Ser	XM_021846286.1_351634799	733	3	0
GSTE2_p.Glu197Lys	0	0	0	0	0	0	0	0	0	0	0	0	0	0	0	1	0	0	0	0	p.Glu197Lys	XM_021846286.1_351634808	735	1	0
GSTE2_p.Glu197Ala	0	0	0	0	0	0	0	0	0	0	0	0	0	0	0	1	0	0	0	0	p.Glu197Ala	XM_021846286.1_351634809	735	1	0
GSTE2_p.Ala198Glu	108	33	58	19	37	55	39	0	0	11	16	150	16	15	9	104	2	8	4	3	p.Ala198Glu	XM_021846286.1_351634812	49	57	630
GSTE2_p.Ala199Ser	0	0	0	0	0	0	1	0	0	0	0	0	0	0	0	0	0	0	0	0	p.Ala199Ser	XM_021846286.1_351634814	735	1	0
GSTE2_p.Gly201Glu	1	0	0	0	0	0	0	0	0	0	0	0	0	0	0	0	0	0	0	0	p.Gly201Glu	XM_021846286.1_351634821	735	1	0
GSTE2_p.Glu205Lys	0	0	0	0	0	0	0	0	0	0	0	0	0	0	0	2	0	0	0	0	p.Glu205Lys	XM_021846286.1_351634832	734	2	0
GSTE2_p.Glu205Val	1	0	0	0	0	0	0	0	0	0	0	0	0	0	0	0	0	0	0	0	p.Glu205Val	XM_021846286.1_351634833	734	1	0
GSTE2_p.Glu205Ala	0	0	0	0	0	0	0	0	0	0	0	1	0	0	0	0	0	0	0	0	p.Glu205Ala	XM_021846286.1_351634833	735	0	1
GSTE2_p.Glu205Asp	0	0	0	0	0	0	0	0	0	0	0	0	0	0	0	1	0	0	0	0	p.Glu205Asp	XM_021846286.1_351634834	735	1	0
GSTE2_p.Gln209Leu	0	0	0	0	0	0	0	0	0	0	0	0	0	0	0	1	0	0	0	0	p.Gln209Leu	XM_021846286.1_351634845	735	1	0
GSTE2_p.Phe210Leu	1	0	0	0	0	0	0	0	0	0	0	0	0	0	0	0	0	0	0	0	p.Phe210Leu	XM_021846286.1_351634849	735	1	0
GSTE2_p.Ser213Leu	0	0	0	0	0	0	0	0	0	0	0	0	0	0	0	1	0	0	0	0	p.Ser213Leu	XM_021846286.1_351634857	735	1	0
GSTE2_351634872frameshift_variantA	0	0	0	0	0	0	0	0	0	0	0	0	0	0	0	1	0	0	0	0		0	735	1	0
GSTE2_351634877frameshift_variantCTT	0	0	0	0	0	0	0	0	0	0	0	0	0	0	0	1	0	0	0	0		0	735	1	0
GSTE2_p.Gln220His	0	0	0	0	0	0	0	0	0	0	0	0	0	0	0	1	0	0	0	0	p.Gln220His	XM_021846286.1_351634879	735	1	0
GSTE2_p.Lys221Asn	0	0	1	0	0	0	0	0	0	0	0	0	0	0	0	0	0	0	0	0		XM_021846286.1_351634882	735	1	0
GSTE2_351634888stop_lostT	0	0	0	0	0	0	0	0	0	0	0	0	0	0	0	1	0	0	0	0		0	735	1	0
ACE1_p.Ile702Thr	0	0	0	0	0	0	0	0	0	0	0	0	0	0	0	1	0	0	0	0		XM_021851332.1_161487432	735	1	0
ACE1_p.Cys699Ser	2	13	9	1	0	4	0	0	0	0	5	7	0	1	2	0	0	0	0	0		XM_021851332.1_161487441	692	37	7
ACE1_p.Val695Phe	0	0	0	0	0	0	0	0	0	0	0	0	0	0	0	3	0	0	0	0		XM_021851332.1_161487454	733	3	0
ACE1_p.Ser693Leu	0	0	0	0	0	2	0	0	0	1	0	0	0	0	0	17	0	0	0	0		XM_021851332.1_161487459	716	20	0
ACE1_p.Ser693Ala	0	0	2	0	0	0	0	0	0	0	0	0	0	0	0	0	0	0	0	0		XM_021851332.1_161487460	734	2	0
ACE1_161487468stop_gainedT	0	0	0	0	0	0	0	0	0	0	0	1	0	0	0	0	0	0	0	0		0	735	1	0
ACE1_p.Leu687Phe	1	0	1	0	0	2	2	0	0	0	0	1	0	0	0	7	0	0	0	0		XM_021851332.1_161487478	722	14	0
ACE1_p.Pro683Ser	2	0	2	0	0	0	0	0	0	0	0	0	0	0	0	0	0	0	0	0		XM_021851332.1_161487490	732	4	0
ACE1_p.Ser680Gly	0	0	0	0	0	0	0	0	0	0	0	0	0	0	0	3	0	0	0	0		XM_021851332.1_161487499	733	3	0
ACE1_p.Gly678Glu	0	0	0	0	0	0	0	0	0	0	0	0	0	0	0	1	0	0	0	0		XM_021851332.1_161487504	735	1	0
ACE1_p.Pro676Ser	0	0	0	0	0	0	0	0	0	0	0	1	0	0	0	0	0	0	0	0		XM_021851332.1_161487511	735	1	0
ACE1_p.Ala672Thr	0	0	0	0	0	0	0	0	0	0	0	1	0	0	0	0	0	0	0	0		XM_021851332.1_161487523	735	1	0
ACE1_p.Pro671Thr	1	1	0	1	0	1	0	0	0	0	0	0	0	0	0	0	0	0	0	0		XM_021851332.1_161487526	732	4	0
ACE1_p.Thr670Ser	0	0	0	0	0	0	0	0	0	0	0	0	1	0	0	0	0	0	0	0		XM_021851332.1_161487529	735	1	0
ACE1_p.Ala669Thr	0	0	0	0	0	0	0	0	0	0	0	0	0	0	0	1	0	0	0	0		XM_021851332.1_161487532	735	1	0
ACE1_p.Asn666His	1	0	0	0	0	0	0	0	0	0	0	0	0	0	0	0	0	0	0	0		XM_021851332.1_161487541	735	1	0
ACE1_p.Thr664Pro	0	0	0	0	0	0	0	0	0	0	0	1	0	0	0	0	0	0	0	0	p.Thr535Pro	XM_021851332.1_161499534	735	1	0
ACE1_p.Ala663Val	0	1	0	0	0	0	0	0	0	0	0	0	0	0	0	0	0	0	0	0	p.Ala534Val	XM_021851332.1_161499536	735	1	0
ACE1_p.Ala663Gly	0	0	0	0	1	0	0	0	0	0	0	0	0	0	0	0	0	0	0	0	p.Ala534Gly	XM_021851332.1_161499536	735	1	0
ACE1_p.Ala663Thr	1	0	0	0	0	0	0	0	0	0	0	0	0	0	0	0	0	0	0	0	p.Ala534Thr	XM_021851332.1_161499537	735	1	0
ACE1_161499558frameshift_variantA	0	0	0	0	0	0	0	0	0	0	0	0	0	0	1	0	0	0	0	0		0	735	1	0
ACE1_p.Cys650Gly	0	0	1	0	0	0	0	0	0	0	0	0	0	0	0	0	0	0	0	0	p.Cys521Gly	XM_021851332.1_161499576	735	1	0
ACE1_p.Arg643His	0	0	0	0	0	0	0	0	0	0	0	4	0	0	0	0	0	0	0	0	p.Arg514His	XM_021851332.1_161499596	732	4	0
ACE1_p.Pro619Leu	0	0	0	0	0	0	0	0	0	0	0	1	0	0	0	0	0	0	0	0	p.Pro490Leu	XM_021851332.1_161499668	735	1	0
ACE1_p.Asp617Asn	1	0	0	0	0	0	0	0	0	0	0	0	0	0	0	0	0	0	0	0	p.Asp488Asn	XM_021851332.1_161499675	735	1	0
ACE1_p.Asn615Ile	0	0	0	0	0	0	0	0	0	0	0	0	0	0	0	1	0	0	0	0	p.Asn486Ile	XM_021851332.1_161499680	735	1	0
ACE1_161499777frameshift_variantG	0	0	0	0	0	0	0	0	0	0	0	1	0	0	0	0	0	0	0	0		0	735	1	0
ACE1_161499781stop_gainedA	0	0	0	0	0	0	0	0	0	0	0	1	0	0	0	0	0	0	0	0		0	735	1	0
ACE1_p.Arg598Lys	1	0	1	1	0	0	0	0	0	0	0	0	0	0	0	0	0	0	0	0	p.Arg471Lys	XM_021851332.1_161499801	733	3	0
ACE1_p.Phe592Tyr	0	0	0	0	0	1	0	0	0	0	0	0	0	0	0	0	0	0	0	0	p.Phe465Tyr	XM_021851332.1_161499819	735	1	0
ACE1_p.Asp591Val	0	0	0	0	0	0	0	0	0	0	0	0	0	0	0	1	0	0	0	0	p.Asp464Val	XM_021851332.1_161499822	735	1	0
ACE1_p.Asp591Asn	0	0	0	0	0	0	0	0	0	0	0	0	0	0	0	1	0	0	0	0	p.Asp464Asn	XM_021851332.1_161499823	735	1	0
ACE1_p.Glu587Gln	0	0	0	0	0	0	0	6	0	0	0	0	0	0	0	0	0	0	0	0	p.Glu460Gln	XM_021851332.1_161499835	730	6	0
ACE1_p.Lys555Ile	0	0	0	0	0	0	0	0	0	0	0	1	0	0	0	0	0	0	0	0	p.Lys428Ile	XM_021851332.1_161499930	735	1	0
ACE1_p.Ala539Ser	1	0	0	0	0	0	0	0	0	0	0	0	0	0	0	0	0	0	0	0	p.Ala412Ser	XM_021851332.1_161499979	735	1	0
ACE1_p.Tyr525Phe	0	0	0	0	0	0	0	0	0	0	0	0	0	0	0	1	0	0	0	0	p.Tyr398Phe	XM_021851332.1_161500020	735	1	0
ACE1_p.Val483Gly	0	1	0	0	0	0	0	0	0	0	0	0	0	0	0	0	0	0	0	0	p.Val356Gly	XM_021851332.1_161500146	735	1	0
ACE1_161500192conservative_inframe_deletionT	0	0	0	0	0	0	0	0	0	0	0	1	0	0	0	0	0	0	0	0		0	735	1	0
ACE1_p.Phe440Ser	1	0	0	0	0	0	0	0	0	0	0	0	0	0	0	0	0	0	0	0	p.Phe314Ser	XM_021851332.1_161500275	735	1	0
ACE1_p.Arg439Ser	0	0	0	0	0	0	0	4	0	0	0	0	0	0	0	0	0	0	0	0	p.Arg313Ser	XM_021851332.1_161500277	732	4	0
ACE1_p.Gly438Ala	1	0	0	0	0	0	0	0	0	0	0	0	0	0	0	0	0	0	0	0	p.Gly312Ala	XM_021851332.1_161500281	735	1	0
ACE1_p.Gln432Leu	0	1	1	1	0	0	0	0	0	0	0	0	0	0	0	0	0	0	0	0	p.Gln306Leu	XM_021851332.1_161500299	733	3	0
ACE1_p.Gln432Lys	0	0	0	0	0	1	0	0	0	0	0	0	0	0	0	0	0	0	0	0	p.Gln306Lys	XM_021851332.1_161500300	735	1	0
ACE1_p.Pro400Leu	0	0	0	0	0	0	0	0	0	1	0	0	0	0	0	0	0	0	0	0	p.Pro271Leu	XM_021851332.1_161500395	735	1	0
ACE1_p.Asp399Val	0	0	0	0	0	0	0	0	0	0	0	0	0	0	0	1	0	0	0	0	p.Asp270Val	XM_021851332.1_161500398	735	1	0
ACE1_p.Leu388Phe	0	0	0	0	0	0	0	0	0	0	0	2	0	0	0	0	0	0	0	0		XM_021851332.1_161500432	734	2	0
ACE1_p.Asp384Asn	0	1	0	0	0	0	0	0	0	0	0	0	0	0	0	0	0	0	0	0	p.Asp257Asn	XM_021851332.1_161500444	735	1	0
ACE1_p.Val379Ile	0	0	0	0	0	0	0	0	0	0	0	1	0	0	0	0	0	0	0	0	p.Val252Ile	XM_021851332.1_161500459	735	1	0
ACE1_p.Leu362Ser	0	0	0	0	0	0	0	0	0	0	0	1	0	0	0	0	0	0	0	0	p.Leu235Ser	XM_021851332.1_161500568	735	1	0
ACE1_p.Pro359Ser	1	0	0	0	0	0	0	0	0	0	0	0	0	0	0	0	0	0	0	0	p.Pro232Ser	XM_021851332.1_161500578	735	1	0
ACE1_p.Ala330Asp	0	0	0	0	0	0	0	0	0	0	0	0	0	1	0	0	0	0	0	0	p.Ala203Asp	XM_021851332.1_161500664	735	1	0
ACE1_p.Asn301Ser	1	0	0	0	0	0	0	0	0	0	0	0	0	0	0	0	0	0	0	0	p.Asn174Ser	XM_021851332.1_161503785	735	1	0
ACE1_p.Pro292Thr	0	0	0	0	0	0	0	0	0	0	0	0	0	0	0	1	0	0	0	0	p.Pro165Thr	XM_021851332.1_161503813	735	1	0
ACE1_p.Val269Ile	1	0	0	0	0	0	0	0	0	0	0	0	0	0	0	0	0	0	0	0	p.Val141Ile	XM_021851332.1_161503882	735	1	0
ACE1_p.Ala264Val	0	0	1	0	0	0	0	0	0	0	0	0	0	0	0	0	0	0	0	0	p.Ala136Val	XM_021851332.1_161503896	735	1	0
ACE1_p.Tyr258His	0	0	0	0	0	0	0	0	0	0	0	1	0	0	0	0	0	0	0	0	p.Tyr130His	XM_021851332.1_161503915	735	1	0
ACE1_p.Ser250Thr	0	0	1	0	0	0	0	0	0	0	0	0	0	0	0	0	0	0	0	0	p.Ser122Thr	XM_021851332.1_161503939	735	1	0
ACE1_161503940stop_gainedT	0	0	0	0	0	0	0	0	0	0	0	1	0	0	0	0	0	0	0	0		0	735	1	0
ACE1_p.Tyr249Phe	0	0	0	0	1	0	0	0	0	0	0	0	0	0	0	0	0	0	0	0	p.Tyr121Phe	XM_021851332.1_161503941	735	1	0
ACE1_p.Phe248Leu	0	0	0	0	0	0	0	0	0	0	1	0	0	0	0	0	0	0	0	0	p.Phe120Leu	XM_021851332.1_161503943	735	1	0
ACE1_p.Arg233Lys	0	0	0	0	0	0	2	0	0	0	0	0	0	0	0	0	0	0	0	0	p.Arg105Lys	XM_021851332.1_161503989	734	2	0
ACE1_p.His231Asn	4	0	0	0	0	0	0	0	0	0	0	0	0	0	0	0	0	0	0	0	p.His103Asn	XM_021851332.1_161503996	732	4	0
ACE1_p.Val227Leu	0	0	0	0	0	0	0	0	0	0	0	0	0	0	0	1	0	0	0	0	p.Val99Leu	XM_021851332.1_161504008	735	1	0
ACE1_p.Asn213His	0	0	0	0	0	0	0	0	0	0	0	2	0	0	0	0	0	0	0	0	p.Asn85His	XM_021851332.1_161504050	734	2	0
ACE1_p.Trp212Gly	0	0	0	0	0	0	0	0	0	0	0	1	0	0	0	0	0	0	0	0	p.Trp84Gly	XM_021851332.1_161504053	735	1	0
ACE1_161504054frameshift_variantC	0	0	0	0	0	0	0	0	0	0	0	2	0	0	0	0	0	0	0	0		0	734	2	0
ACE1_161504057frameshift_variantAT	0	0	0	0	0	0	0	0	0	0	0	4	0	0	0	0	0	0	0	0		0	732	4	0
ACE1_p.Ala209Ser	0	0	0	0	0	0	0	0	0	0	0	5	0	0	0	0	0	0	0	0	p.Ala81Ser	XM_021851332.1_161504062	731	5	0
ACE1_p.Asp200Tyr	1	0	0	0	0	0	0	0	0	0	0	0	0	0	0	0	0	0	0	0	p.Asp72Tyr	XM_021851332.1_161504089	735	1	0
ACE1_p.Gly184Glu	1	0	0	0	0	0	0	0	0	0	0	0	0	0	0	3	0	0	0	0	p.Gly56Glu	XM_021851332.1_161504136	732	4	0
ACE1_p.Thr183Ala	0	0	0	0	2	0	0	0	0	0	0	0	0	0	0	0	0	0	0	0	p.Thr55Ala	XM_021851332.1_161504140	729	2	0
ACE1_p.Thr183Pro	0	0	0	0	0	0	0	0	0	0	0	0	0	0	0	0	0	0	4	3	p.Thr55Pro	XM_021851332.1_161504140	729	2	5
ACE1_p.Leu168Val	7	0	0	0	0	0	0	0	0	0	0	0	0	0	0	0	0	0	0	0	p.Leu40Val	XM_021851332.1_161504185	729	7	0
ACE1_p.Gly160Cys	0	0	0	0	0	0	0	0	0	1	0	0	0	0	0	0	0	0	0	0	p.Gly32Cys	XM_021851332.1_161504209	735	1	0
ACE1_p.Gly160Ser	1	0	0	0	0	0	0	0	0	0	0	0	0	0	0	0	0	0	0	0	p.Gly32Ser	XM_021851332.1_161504209	735	1	0
ACE1_p.Leu145His	0	0	0	0	0	1	0	0	0	0	0	0	0	0	0	0	0	0	0	0	p.Leu18His	XM_021851332.1_161504253	735	1	0
ACE1_p.Lys141Arg	0	0	0	0	0	0	0	0	0	0	0	0	0	0	0	1	0	0	0	0	p.Lys14Arg	XM_021851332.1_161504265	735	1	0
ACE1_p.Gly140Cys	0	0	0	0	0	0	0	0	0	0	1	0	0	0	0	0	0	0	0	0	p.Gly13Cys	XM_021851332.1_161504269	735	1	0
ACE1_p.Thr136Ala	0	0	0	0	0	0	0	0	0	0	0	0	0	0	0	1	0	0	0	0	p.Thr9Ala	XM_021851332.1_161504281	735	1	0
ACE1_p.Thr136Ser	0	0	0	0	0	0	0	0	0	0	0	0	0	0	0	1	0	0	0	0	p.Thr9Ser	XM_021851332.1_161504281	735	1	0
ACE1_p.Leu133Met	0	0	0	0	0	0	0	0	0	0	0	0	0	0	0	1	0	0	0	0	p.Leu6Met	XM_021851332.1_161504290	735	1	0
ACE1_p.Asp131Glu	0	1	1	1	3	4	0	0	0	0	0	0	0	0	0	6	0	4	0	0	p.Asp4Glu	XM_021851332.1_161504294	716	20	0
ACE1_p.Asn130Ser	0	0	0	0	0	0	0	0	0	0	0	0	0	0	0	3	0	0	0	0	p.Asn3Ser	XM_021851332.1_161504298	733	3	0
ACE1_p.Thr128Ile	0	0	0	0	0	0	0	0	0	0	0	0	0	0	0	2	0	0	0	0	p.Thr1Ile	XM_021851332.1_161504304	734	2	0
ACE1_p.Arg121Gly	0	0	0	0	0	0	0	0	0	0	0	1	0	0	0	0	0	0	0	0		XM_021851332.1_161504452	735	1	0
ACE1_p.Arg120Gly	0	0	0	0	0	0	0	0	0	0	0	1	0	0	0	0	0	0	0	0		XM_021851332.1_161504455	735	1	0
ACE1_p.Thr111Ile	0	0	0	0	0	0	0	0	0	0	0	0	0	0	0	1	0	0	0	0		XM_021851332.1_161504481	735	1	0
ACE1_p.Val108Phe	0	0	0	0	0	0	0	0	0	0	0	0	0	0	0	1	0	0	0	0		XM_021851332.1_161504491	735	1	0
ACE1_p.Asp91Tyr	0	0	0	0	0	0	0	0	0	1	0	0	0	0	0	0	0	0	0	0		XM_021851332.1_161504542	735	1	0
ACE1_p.Thr84Ile	0	0	0	0	0	0	0	0	0	0	0	1	0	0	0	0	0	0	0	0		XM_021851332.1_161504562	735	1	0
ACE1_p.Asp80Asn	0	0	0	0	0	2	0	0	0	0	0	0	0	0	0	0	0	0	0	0		XM_021851332.1_161510788	734	2	0
ACE1_p.Asp80Tyr	0	0	0	0	0	0	0	0	0	0	0	1	0	0	0	0	0	0	0	0		XM_021851332.1_161510788	735	1	0
ACE1_p.Leu75Pro	0	0	0	0	0	0	0	0	0	0	0	0	0	0	0	1	0	0	0	0		XM_021851332.1_161510802	735	1	0
ACE1_p.Val74Met	0	0	0	0	0	0	0	0	0	0	0	0	0	0	0	3	0	0	0	0		XM_021851332.1_161510806	733	3	0
ACE1_p.Glu71Lys	0	0	0	0	0	0	0	0	0	0	0	1	0	0	0	0	0	0	0	0		XM_021851332.1_161510815	735	1	0
ACE1_161510826stop_gainedT	0	0	0	0	0	0	0	0	0	0	0	1	0	0	0	0	0	0	0	0		0	735	1	0
ACE1_161510836conservative_inframe_insertionGCGAGGATGACGATAA	1	0	0	0	0	0	0	0	0	0	0	0	0	0	0	0	0	0	0	0		0	735	1	0
ACE1_p.Ser60Trp	0	0	0	0	0	0	0	0	0	1	0	0	0	0	0	0	0	0	0	0		XM_021851332.1_161510847	735	1	0
ACE1_161510850disruptive_inframe_deletionA	0	0	0	0	0	0	0	0	0	0	0	0	0	0	0	4	0	0	0	0		0	732	4	0
ACE1_p.Ser54Leu	0	0	0	0	0	0	1	0	0	0	0	0	0	0	0	0	0	0	0	0		XM_021851332.1_161510865	735	1	0
ACE1_p.Ser51Leu	0	0	0	0	0	0	0	0	0	0	0	0	4	0	0	0	0	0	0	0		XM_021851332.1_161510874	732	4	0
ACE1_p.Ala46Gly	0	0	0	0	0	1	0	0	0	0	0	0	0	0	0	0	0	0	0	0		XM_021851332.1_161510889	735	1	0
ACE1_p.Cys36Tyr	0	0	0	0	0	0	0	0	0	0	0	1	0	0	0	0	0	0	0	0		XM_021851332.1_161510919	735	1	0
ACE1_p.His35Leu	9	11	8	2	0	7	0	0	0	0	0	0	0	0	0	0	0	0	0	0		XM_021851332.1_161510922	699	34	3
ACE1_p.His35Asn	0	0	0	0	0	0	0	0	0	0	0	0	0	0	0	1	0	0	0	0		XM_021851332.1_161510923	735	1	0
ACE1_p.Ser28Pro	0	0	0	1	0	0	0	0	0	0	0	0	0	0	0	0	0	0	0	0		XM_021851332.1_161510944	735	1	0
ACE1_p.His18Gln	0	0	0	0	0	0	0	0	0	0	0	0	0	0	0	1	0	0	0	0		XM_021851332.1_161510972	735	1	0
ACE1_p.Cys14Tyr	0	0	0	0	0	0	0	0	0	0	0	1	0	0	0	0	0	0	0	0		XM_021851332.1_161510985	735	1	0
ACE1_p.Gly12Ser	1	1	0	0	0	0	0	0	7	0	4	11	0	11	0	0	0	0	0	0		XM_021851332.1_161510992	701	30	5
ACE1_p.Thr8Ser	0	1	0	0	0	0	0	0	0	0	0	0	0	0	0	0	0	0	0	0		XM_021851332.1_161511004	735	1	0
VSSC_p.Ala2134Val	1	0	0	0	0	0	0	0	0	0	0	0	0	0	0	0	0	0	0	0	p.Ala2106Val	XM_021852340.1_315930889	735	1	0
VSSC_p.Pro2127Gln	0	0	1	0	0	0	0	0	0	0	0	0	0	0	0	0	0	0	0	0	p.Pro2099Gln	XM_021852340.1_315930910	735	1	0
VSSC_p.Val2121Met	0	0	0	0	0	0	0	0	0	0	0	0	0	0	0	1	0	0	0	0	p.Val2093Met	XM_021852340.1_315930929	735	1	0
VSSC_p.Asp2097Val	0	0	0	0	0	0	0	0	0	0	0	1	0	0	0	0	0	0	0	0		XM_021852340.1_315931000	735	1	0
VSSC_p.Gly2094Asp	0	0	0	0	0	0	0	0	0	0	0	1	0	0	0	0	0	0	0	0		XM_021852340.1_315931009	735	1	0
VSSC_p.Asp2093Asn	0	0	0	0	0	0	0	0	0	0	0	1	0	0	0	0	0	0	0	0		XM_021852340.1_315931013	735	1	0
VSSC_p.Pro2092His	0	0	0	0	0	0	0	0	0	0	0	0	0	0	0	2	0	0	0	0		XM_021852340.1_315931015	734	2	0
VSSC_p.Pro2092Ala	0	0	1	0	0	0	0	0	0	0	0	0	0	0	0	0	0	0	0	0		XM_021852340.1_315931016	735	1	0
VSSC_p.Ser2087Pro	1	0	0	0	0	0	0	0	0	0	0	0	0	0	0	0	0	0	0	0		XM_021852340.1_315931031	735	1	0
VSSC_p.Ile2080Lys	0	0	1	0	0	0	0	0	0	0	0	0	0	0	0	0	0	0	0	0		XM_021852340.1_315931051	735	1	0
VSSC_p.Gly2079Cys	0	0	0	0	0	1	0	0	0	0	0	0	0	0	0	0	0	0	0	0		XM_021852340.1_315931055	735	1	0
VSSC_315931071disruptive_inframe_insertionACCG	0	1	0	0	1	0	0	0	0	0	0	0	0	0	0	0	0	0	0	0		0	734	2	0
VSSC_315931071conservative_inframe_insertionACCGCCGCCG	35	4	6	5	12	7	12	0	0	0	0	0	0	0	0	2	0	0	0	0		0	653	83	0
VSSC_315931071disruptive_inframe_deletionA	0	0	0	0	0	0	0	0	0	0	0	0	0	0	0	2	0	0	0	0		0	734	2	0
VSSC_p.Gly2073Val	0	0	0	0	0	1	0	0	0	0	0	0	0	0	0	0	0	0	0	0	p.Gly2069Val	XM_021852340.1_315931072	735	1	0
VSSC_p.Gly2072Ser	0	0	0	0	0	0	0	0	0	0	0	0	2	0	0	0	0	0	0	0	p.Gly2068Ser	XM_021852340.1_315931076	734	2	0
VSSC_p.Gly2070Ser	0	0	0	0	0	0	0	0	0	0	0	0	0	0	0	0	1	0	0	0	p.Gly2066Ser	XM_021852340.1_315931082	735	1	0
VSSC_p.Ser2069Thr	0	0	0	0	0	0	0	0	0	0	0	0	2	0	0	0	0	0	0	0	p.Ser2065Thr	XM_021852340.1_315931085	734	2	0
VSSC_p.Gly2068Ala	0	0	0	0	0	0	0	0	0	0	0	0	0	0	0	1	0	0	0	0	p.Gly2064Ala	XM_021852340.1_315931087	735	1	0
VSSC_p.Thr2065Ala	0	0	0	0	0	1	0	0	0	0	0	0	0	0	0	0	0	0	0	0	p.Thr2061Ala	XM_021852340.1_315931097	735	1	0
VSSC_p.Gly2064Glu	0	0	0	0	0	0	0	0	0	0	0	0	0	0	0	1	0	0	0	0	p.Gly2060Glu	XM_021852340.1_315931099	735	1	0
VSSC_p.Gly2064Ala	0	0	0	0	0	0	0	0	0	0	0	0	0	0	0	1	0	0	0	0	p.Gly2060Ala	XM_021852340.1_315931099	735	1	0
VSSC_p.Gly2063Ala	0	0	0	0	0	0	0	0	0	0	0	0	0	0	0	1	0	0	0	0	p.Gly2059Ala	XM_021852340.1_315931102	735	1	0
VSSC_p.Val2061Ile	0	0	0	0	0	0	0	0	0	0	0	0	0	0	0	1	0	0	0	0	p.Val2057Ile	XM_021852340.1_315931109	735	1	0
VSSC_p.Gly2056Val	1	0	0	0	0	0	0	0	0	0	0	0	0	0	0	0	0	0	0	0	p.Gly2052Val	XM_021852340.1_315931123	735	1	0
VSSC_p.Val2055Ala	0	0	0	0	0	0	0	0	0	0	0	0	0	0	0	0	0	0	1	0	p.Val2051Ala	XM_021852340.1_315931126	735	1	0
VSSC_p.Val2055Leu	2	0	0	0	0	0	0	0	0	0	0	0	0	0	0	0	0	0	0	0	p.Val2051Leu	XM_021852340.1_315931127	734	2	0
VSSC_p.Pro2053Arg	0	0	0	0	0	0	0	0	0	0	0	0	0	0	0	1	0	0	0	0	p.Pro2049Arg	XM_021852340.1_315931132	735	1	0
VSSC_315931139conservative_inframe_deletionT	0	0	0	0	0	0	0	0	0	0	0	0	0	0	0	0	0	0	1	0		0	735	1	0
VSSC_315931141disruptive_inframe_deletionA	2	0	1	0	0	0	0	0	0	0	0	0	0	0	0	0	0	0	0	0		0	733	3	0
VSSC_p.Gly2049Val	0	0	0	0	0	0	0	0	0	0	0	0	0	0	0	0	0	0	1	0	p.Gly2040Val	XM_021852340.1_315931144	735	1	0
VSSC_p.Gly2048Asp	2	1	0	0	1	5	0	0	0	0	0	0	0	0	0	0	0	0	0	0	p.Gly2039Asp	XM_021852340.1_315931147	727	9	0
VSSC_p.Gly2046Ser	2	0	1	0	0	0	0	0	0	0	0	0	0	0	0	0	0	0	0	0	p.Gly2032Ser	XM_021852340.1_315931154	733	3	0
VSSC_p.Ser2044Asn	0	0	0	0	0	1	0	0	0	0	0	0	0	0	0	0	0	0	0	0	p.Ser2030Asn	XM_021852340.1_315931159	735	1	0
VSSC_p.Gly2042Ser	0	0	0	0	0	0	0	0	0	0	0	0	0	0	0	1	0	0	0	0	p.Gly2028Ser	XM_021852340.1_315931166	735	1	0
VSSC_p.Ala2039Asp	0	0	0	0	0	0	0	0	0	0	0	0	0	0	0	1	0	0	0	0	p.Ala2024Asp	XM_021852340.1_315931174	735	1	0
VSSC_315931174conservative_inframe_insertionGCACCAC	24	3	6	3	4	9	5	0	0	0	0	0	0	0	0	0	0	0	0	0		0	682	54	0
VSSC_315931174conservative_inframe_insertionGCACCACCACCAC	1	0	0	0	0	3	0	0	0	0	0	0	0	0	0	0	0	0	0	0		0	732	4	0
VSSC_315931174conservative_inframe_insertionGCAC	0	0	0	0	0	1	0	0	0	0	0	0	0	0	0	0	0	0	0	0		0	735	1	0
VSSC_p.Ala2039Thr	0	0	1	0	0	0	1	0	0	0	0	0	0	0	0	2	0	0	0	0	p.Ala2024Thr	XM_021852340.1_315931175	732	4	0
VSSC_p.Ala2039Pro	0	0	0	0	0	0	0	0	0	1	0	0	0	0	0	0	0	0	0	0	p.Ala2024Pro	XM_021852340.1_315931175	735	1	0
VSSC_315931175conservative_inframe_insertionCACCACT	0	0	1	0	0	0	0	0	0	0	0	0	0	0	0	0	0	0	0	0		0	735	1	0
VSSC_p.Gly2038Asp	0	0	0	0	0	0	0	0	0	0	0	0	0	0	0	2	0	0	0	0	p.Gly2023Asp	XM_021852340.1_315931177	734	2	0
VSSC_p.Gly2037Ser	0	0	0	0	0	0	0	0	0	0	0	1	0	0	0	0	0	0	0	0	p.Gly2022Ser	XM_021852340.1_315931181	735	1	0
VSSC_315931182disruptive_inframe_deletionA	0	0	0	0	0	0	0	0	0	0	0	0	0	0	0	1	0	0	0	0		0	735	1	0
VSSC_315931183disruptive_inframe_deletionC	0	0	1	0	0	0	0	0	0	0	0	0	0	0	0	0	0	0	0	0		0	735	1	0
VSSC_p.Asn2029Lys	0	0	0	0	0	0	0	0	0	0	0	0	0	0	0	1	0	0	0	0	p.Asn2014Lys	XM_021852340.1_315931203	735	1	0
VSSC_p.Gly2015Ser	0	0	0	0	0	0	0	0	0	0	0	0	0	0	0	1	0	0	0	0	p.Gly2000Ser	XM_021852340.1_315931247	735	1	0
VSSC_p.His2004Asn	0	0	0	0	2	0	0	0	0	0	0	0	0	0	0	0	0	0	0	0	p.His1984Asn	XM_021852340.1_315931280	734	2	0
VSSC_p.Arg1992His	0	0	0	0	0	0	0	0	0	0	0	1	0	0	0	0	0	0	0	0	p.Arg1972His	XM_021852340.1_315931315	735	1	0
VSSC_p.Ala1952Ser	0	0	0	0	0	0	0	0	0	0	0	0	0	0	0	1	0	0	0	0	p.Ala1932Ser	XM_021852340.1_315931436	735	1	0
VSSC_p.Ile1949Leu	0	0	1	0	0	0	0	0	0	0	0	0	0	0	0	0	0	0	0	0	p.Ile1929Leu	XM_021852340.1_315931445	735	1	0
VSSC_p.Met1943Val	0	0	0	1	0	0	0	0	0	0	0	0	0	0	0	0	0	0	0	0	p.Met1923Val	XM_021852340.1_315931463	735	1	0
VSSC_p.Pro1937Ala	0	0	0	1	0	0	0	0	0	0	0	0	0	0	0	0	0	0	0	0	p.Pro1917Ala	XM_021852340.1_315931481	735	1	0
VSSC_p.Ser1933Trp	0	1	0	0	0	0	0	0	0	0	0	0	0	0	0	0	0	0	0	0	p.Ser1913Trp	XM_021852340.1_315931492	735	1	0
VSSC_315931503stop_gainedT	0	0	0	0	0	0	0	0	0	0	0	1	0	0	0	0	0	0	0	0		0	735	1	0
VSSC_p.Pro1926Thr	0	1	0	0	0	0	0	0	0	0	0	0	0	0	0	0	0	0	0	0	p.Pro1906Thr	XM_021852340.1_315931514	735	1	0
VSSC_p.Leu1914Phe	0	0	0	0	0	1	0	0	0	0	0	0	0	0	0	0	0	0	0	0	p.Leu1894Phe	XM_021852340.1_315931548	735	1	0
VSSC_p.Tyr1904Cys	0	0	0	0	0	0	0	0	0	0	0	1	0	0	0	0	0	0	0	0	p.Tyr1884Cys	XM_021852340.1_315931579	735	1	0
VSSC_p.Leu1882Ile	0	0	0	0	0	0	0	0	0	0	0	1	0	0	0	0	0	0	0	0	p.Leu1862Ile	XM_021852340.1_315931646	735	1	0
VSSC_p.Gln1879His	0	0	0	0	0	0	0	0	0	0	0	1	0	0	0	0	0	0	0	0	p.Gln1859His	XM_021852340.1_315931653	735	1	0
VSSC_p.Gln1873Arg	0	0	0	0	0	0	0	0	0	0	0	7	0	0	0	0	0	0	0	0	p.Gln1853Arg	XM_021852340.1_315931672	729	4	3
VSSC_p.Tyr1871His	0	0	0	0	0	0	0	0	0	0	0	1	0	0	0	0	0	0	0	0	p.Tyr1851His	XM_021852340.1_315931679	735	0	1
VSSC_315931730frameshift_variantT	0	0	0	1	0	0	0	0	0	0	0	0	0	0	0	0	0	0	0	0		0	735	1	0
VSSC_p.Phe1796Ser	0	0	1	0	0	0	0	0	0	0	0	0	0	0	0	0	0	0	0	0	p.Phe1776Ser	XM_021852340.1_315931969	735	1	0
VSSC_p.Leu1787Met	0	0	0	0	0	0	1	0	0	0	0	0	0	0	0	0	0	0	0	0	p.Leu1767Met	XM_021852340.1_315931997	735	1	0
VSSC_p.Asp1783Gly	0	0	0	0	0	0	0	0	0	0	0	1	0	0	0	0	0	0	0	0	p.Asp1763Gly	XM_021852340.1_315932008	735	1	0
VSSC_p.His1780Asn	0	0	0	0	0	0	0	0	0	0	0	1	0	0	0	0	0	0	0	0	p.His1760Asn	XM_021852340.1_315932018	735	1	0
VSSC_p.Phe1777Ser	0	0	0	0	0	0	0	0	0	0	0	1	0	0	0	0	0	0	0	0	p.Phe1757Ser	XM_021852340.1_315932026	735	1	0
VSSC_p.Ile1759Leu	0	0	0	0	0	0	1	0	0	0	0	0	0	0	0	0	0	0	0	0	p.Ile1739Leu	XM_021852340.1_315932081	735	1	0
VSSC_315932122frameshift_variantA	1	0	0	0	0	0	0	0	0	0	0	0	0	0	0	0	0	0	0	0		0	735	1	0
VSSC_p.Thr1744Met	0	0	0	0	0	0	0	0	1	0	0	0	0	0	0	0	0	0	0	0	p.Thr1724Met	XM_021852340.1_315932125	735	1	0
VSSC_p.Lys1737Glu	0	0	0	0	0	0	0	0	0	0	0	1	0	0	0	0	0	0	0	0	p.Lys1717Glu	XM_021852340.1_315932147	735	1	0
VSSC_p.Phe1715Ser	1	0	0	0	0	0	0	0	0	0	0	0	0	0	0	0	0	0	0	0	p.Phe1695Ser	XM_021852340.1_315932212	735	1	0
VSSC_p.Phe1686Leu	0	0	0	0	0	0	0	0	0	0	0	0	0	0	0	0	0	1	0	0	p.Phe1666Leu	XM_021852340.1_315938762	735	1	0
VSSC_p.Val1658Glu	0	0	0	0	0	0	0	0	0	0	0	1	0	0	0	0	0	0	0	0	p.Val1638Glu	XM_021852340.1_315938845	735	1	0
VSSC_p.Asp1653Glu	11	0	0	1	0	0	0	0	0	0	0	0	0	0	0	0	0	0	3	3	p.Asp1633Glu	XM_021852340.1_315938859	718	17	1
VSSC_p.Ala1618Glu	0	0	0	0	0	0	0	0	0	0	0	0	0	0	0	1	0	0	0	0	p.Ala1598Glu	XM_021852340.1_315938965	735	1	0
VSSC_315938969stop_gainedA	1	0	0	0	0	0	0	0	0	0	0	0	0	0	0	0	0	0	0	0		0	735	1	0
VSSC_p.Tyr1594Ser	1	0	0	0	0	0	0	0	0	0	0	0	0	0	0	0	0	0	0	0	p.Tyr1574Ser	XM_021852340.1_315939104	735	1	0
VSSC_p.Gly1565Ser	0	0	0	0	0	0	0	0	0	0	0	1	0	0	0	0	0	0	0	0	p.Gly1545Ser	XM_021852340.1_315939192	735	1	0
VSSC_p.Leu1562Val	0	0	0	0	0	0	0	0	0	0	0	1	0	0	0	0	0	0	0	0	p.Leu1542Val	XM_021852340.1_315939201	734	1	0
VSSC_p.Phe1554Cys	0	20	33	1	0	0	0	8	20	0	16	155	10	15	4	8	0	0	0	0	p.Phe1534Cys	XM_021852340.1_315939224	445	66	224
VSSC_p.Phe1554Ser	0	0	0	0	0	0	0	0	0	0	0	1	0	0	0	0	0	0	0	0	p.Phe1534Ser	XM_021852340.1_315939224	511	0	1
VSSC_p.Ile1552Thr	0	0	0	0	0	0	0	0	0	0	0	1	0	0	0	0	0	0	0	0	p.Ile1532Thr	XM_021852340.1_315939230	735	1	0
VSSC_p.Phe1550Leu	0	1	0	0	0	0	0	0	0	0	0	0	0	0	0	0	0	0	0	0	p.Phe1530Leu	XM_021852340.1_315939235	735	1	0
VSSC_p.Tyr1543His	0	0	0	0	0	0	0	0	0	0	0	1	0	0	0	0	0	0	0	0	p.Tyr1523His	XM_021852340.1_315939258	735	1	0
VSSC_p.Thr1540Ile	0	0	0	0	0	0	0	1	10	0	0	0	0	0	3	0	0	0	0	0	p.Thr1520Ile	XM_021852340.1_315939266	722	14	0
VSSC_p.Trp1519Arg	1	0	0	0	0	0	0	0	0	0	0	0	0	0	0	0	0	0	0	0	p.Trp1499Arg	XM_021852340.1_315939399	735	1	0
VSSC_p.Lys1517Gln	0	0	0	0	0	0	0	0	0	0	0	1	0	0	0	0	0	0	0	0	p.Lys1497Gln	XM_021852340.1_315939405	735	1	0
VSSC_p.Asn1495Lys	1	0	0	0	0	0	0	0	0	0	0	0	0	0	0	0	0	0	0	0	p.Asn1475Lys	XM_021852340.1_315939469	728	1	0
VSSC_p.Trp1493Leu	0	0	0	0	0	1	0	0	0	0	0	0	0	0	0	0	0	0	0	0	p.Trp1473Leu	XM_021852340.1_315939476	735	1	0
VSSC_p.Val1457Ala	0	0	0	0	1	0	0	0	0	0	0	0	0	0	0	0	0	0	0	0	p.Val1437Ala	XM_021852340.1_315939655	735	1	0
VSSC_p.Asn1440Thr	0	0	0	0	0	1	0	0	0	0	0	0	0	0	0	0	0	0	0	0	p.Asn1420Thr	XM_021852340.1_315939706	735	1	0
VSSC_p.Ser1437Tyr	1	0	0	0	0	0	0	0	0	0	0	0	0	0	0	0	0	0	0	0	p.Ser1417Tyr	XM_021852340.1_315939715	735	1	0
VSSC_p.Leu1387Phe	0	0	0	0	0	0	0	0	0	0	0	0	0	0	0	1	0	0	0	0	p.Leu1367Phe	XM_021852340.1_315948005	735	1	0
VSSC_p.Trp1362Cys	1	0	0	0	0	0	0	0	0	0	0	0	0	0	0	0	0	0	0	0	p.Trp1342Cys	XM_021852340.1_315960024	735	1	0
VSSC_p.Phe1355Leu	0	0	0	0	0	0	1	0	0	0	0	0	0	0	0	0	0	0	0	0	p.Phe1335Leu	XM_021852340.1_315960045	735	1	0
VSSC_315960116frameshift_variantG	0	0	0	0	0	0	0	0	0	0	0	1	0	0	0	0	0	0	0	0		0	735	1	0
VSSC_p.Leu1328Pro	0	0	1	0	0	0	0	0	0	0	0	0	0	0	0	0	0	0	0	0	p.Leu1308Pro	XM_021852340.1_315960127	735	1	0
VSSC_315960395frameshift_variantC	1	0	0	0	0	0	0	0	0	0	0	0	0	0	0	0	0	0	0	0		0	735	1	0
VSSC_p.Glu1218Val	0	0	0	0	0	0	0	0	0	0	0	1	0	0	0	0	0	0	0	0	p.Glu1197Val	XM_021852340.1_315960614	735	1	0
VSSC_p.Ala1195Val	1	0	0	0	0	0	0	0	0	0	0	0	0	0	0	0	0	0	0	0	p.Ala1174Val	XM_021852340.1_315960683	735	1	0
VSSC_p.Ile1170Val	0	1	0	0	0	0	0	0	0	0	0	0	0	0	0	0	0	0	0	0		XM_021852340.1_315960759	735	1	0
VSSC_p.Gly1167Val	0	0	0	0	0	0	0	0	0	0	0	1	0	0	0	0	0	0	0	0	p.Gly1147Val	XM_021852340.1_315960767	735	1	0
VSSC_p.Lys1164Glu	0	0	0	0	0	0	0	0	0	0	0	1	0	0	0	0	0	0	0	0	p.Lys1144Glu	XM_021852340.1_315972193	735	1	0
VSSC_p.Met1160Ile	0	0	0	0	0	0	0	0	0	0	0	0	0	0	0	1	0	0	0	0	p.Met1140Ile	XM_021852340.1_315972203	735	1	0
VSSC_p.Leu1159Val	0	0	0	0	0	0	0	0	0	0	1	0	0	0	0	0	0	0	0	0	p.Leu1139Val	XM_021852340.1_315972208	735	1	0
VSSC_p.Lys1154Met	0	0	0	0	0	0	1	0	0	0	0	0	0	0	0	0	0	0	0	0	p.Lys1134Met	XM_021852340.1_315972222	735	1	0
VSSC_p.Thr1144Met	0	0	0	0	0	0	0	0	0	0	0	1	0	0	0	0	0	0	0	0	p.Thr1124Met	XM_021852340.1_315972252	735	1	0
VSSC_p.Asp1115Glu	1	0	0	0	0	0	0	0	0	0	0	0	0	0	0	0	0	0	0	0	p.Asp1095Glu	XM_021852340.1_315972338	735	1	0
VSSC_p.Leu1112Ile	0	0	0	0	0	0	1	0	0	0	0	0	0	0	0	0	0	0	0	0	p.Leu1092Ile	XM_021852340.1_315972349	735	1	0
VSSC_p.Leu1110Gln	0	0	0	0	0	0	1	0	0	0	0	0	0	0	0	0	0	0	0	0	p.Leu1090Gln	XM_021852340.1_315972354	735	1	0
VSSC_p.Asn1108Lys	0	0	0	0	0	1	0	0	0	0	0	0	0	0	0	0	0	0	0	0	p.Asn1088Lys	XM_021852340.1_315972359	735	1	0
VSSC_p.Asn1092Ser	0	0	0	0	0	0	0	0	0	0	0	0	0	0	0	1	0	0	0	0		XM_021852340.1_315983522	735	1	0
VSSC_p.Ala1062Thr	1	0	0	0	0	0	0	0	0	0	0	1	0	0	0	0	0	0	0	0	p.Ala1066Thr	XM_021852340.1_315983613	734	2	0
VSSC_p.Asn1061Ile	0	0	0	0	0	0	0	0	0	0	0	0	0	0	0	1	0	0	0	0	p.Asn1065Ile	XM_021852340.1_315983615	735	1	0
VSSC_p.Asn1039Ser	1	0	0	0	0	0	0	0	0	0	0	0	0	0	0	0	0	0	0	0	p.Asn1043Ser	XM_021852340.1_315983681	735	1	0
VSSC_p.Asn1036Ser	0	0	0	0	0	0	0	0	0	0	0	1	0	0	0	0	0	0	0	1	p.Asn1040Ser	XM_021852340.1_315983690	734	2	0
VSSC_p.Leu1015His	0	0	0	0	0	0	0	0	0	0	0	1	0	0	0	0	0	0	0	0	p.Leu1019His	XM_021852340.1_315983753	735	1	0
VSSC_p.Val1012Gly	0	0	0	1	0	0	0	5	7	0	0	0	0	0	0	0	0	0	0	0	p.Val1016Gly	XM_021852340.1_315983762	723	13	0
VSSC_p.Val1012Ile	0	18	0	1	0	0	0	0	0	0	0	133	0	8	1	0	0	0	0	0	p.Val1016Ile	XM_021852340.1_315983763	575	46	115
VSSC_p.Ile1007Met	0	0	0	0	0	0	0	0	0	0	0	0	4	2	0	0	0	0	0	0	p.Ile1011Met	XM_021852340.1_315984009	730	6	0
VSSC_315984020frameshift_variantT	0	0	0	0	0	0	0	0	0	0	0	1	0	0	0	0	0	0	0	0		0	735	1	0
VSSC_p.Phe1001Ile	0	0	0	0	0	0	0	0	0	0	0	1	0	0	0	0	0	0	0	0	p.Phe1005Ile	XM_021852340.1_315984029	735	1	0
VSSC_p.Ser985Pro	0	0	0	1	0	0	0	8	7	0	1	0	0	0	1	0	0	0	0	0	p.Ser989Pro	XM_021852340.1_315984077	718	18	0
VSSC_p.Met972Thr	0	1	0	0	0	0	0	0	0	0	0	0	0	0	0	0	0	0	0	0	p.Met976Thr	XM_021852340.1_315984115	735	1	0
VSSC_p.Asp966Asn	0	0	0	0	0	0	0	0	0	0	0	1	0	0	0	0	0	0	0	0	p.Asp970Asn	XM_021852340.1_315984134	735	1	0
VSSC_p.Pro955Gln	0	0	0	0	0	0	0	0	1	0	0	0	0	0	0	0	0	0	0	0	p.Pro959Gln	XM_021852340.1_315984166	735	1	0
VSSC_p.Val951Met	0	0	0	0	0	4	0	0	0	0	0	0	0	0	0	0	0	0	0	0	p.Val955Met	XM_021852340.1_315984179	732	4	0
VSSC_p.Lys945Gln	0	0	0	0	0	0	1	0	0	0	0	0	0	0	0	0	0	0	0	0	p.Lys949Gln	XM_021852340.1_315998381	735	1	0
VSSC_p.Leu942Gln	0	0	0	1	0	0	0	0	0	0	15	0	0	0	0	0	0	0	0	0	p.Leu946Gln	XM_021852340.1_315998389	720	5	11
VSSC_p.Met940Val	0	0	0	0	0	0	0	0	0	0	0	0	0	0	0	42	0	0	0	0	p.Met944Val	XM_021852340.1_315998396	694	38	4
VSSC_p.Val927Leu	0	1	0	0	0	0	0	0	0	0	0	0	0	0	0	0	0	0	0	0	p.Val931Leu	XM_021852340.1_315998435	735	1	0
VSSC_p.Phe926Tyr	0	0	0	0	0	0	0	0	0	0	0	1	0	0	0	0	0	0	0	0	p.Phe930Tyr	XM_021852340.1_315998437	735	1	0
VSSC_p.Gly922Asp	0	0	0	0	0	1	0	0	0	0	0	0	0	0	0	0	0	0	0	0	p.Gly926Asp	XM_021852340.1_315998449	735	1	0
VSSC_p.Gly922Cys	0	0	0	0	0	0	0	0	0	0	0	1	0	0	0	0	0	0	0	0	p.Gly926Cys	XM_021852340.1_315998450	735	1	0
VSSC_p.Ala920Thr	0	0	0	0	0	0	0	0	0	0	0	1	0	0	0	0	0	0	0	0	p.Ala924Thr	XM_021852340.1_315998456	735	1	0
VSSC_p.Gly919Val	0	0	0	0	0	0	0	0	0	0	0	0	4	1	0	0	0	0	0	0	p.Gly923Val	XM_021852340.1_315998458	731	5	0
VSSC_p.Ser891Leu	0	0	0	0	0	0	0	0	0	0	0	1	0	0	0	0	0	0	0	0	p.Ser895Leu	XM_021852340.1_316000437	735	1	0
VSSC_p.Gly879Ser	0	0	0	0	0	0	0	0	0	0	0	1	0	0	0	0	0	0	0	0	p.Gly883Ser	XM_021852340.1_316000474	735	1	0
VSSC_p.Leu876Phe	0	0	0	0	0	0	0	0	3	0	0	0	0	0	0	0	0	0	0	0	p.Leu880Phe	XM_021852340.1_316000483	733	3	0
VSSC_p.Trp863Cys	0	0	1	0	0	0	0	0	0	0	0	0	0	0	0	0	0	0	0	0	p.Trp867Cys	XM_021852340.1_316000520	735	1	0
VSSC_p.Lys856Met	0	0	0	0	0	0	0	0	1	0	0	0	0	0	0	0	0	0	0	0	p.Lys860Met	XM_021852340.1_316000542	735	1	0
VSSC_p.Ala846Glu	0	0	0	0	0	0	0	0	0	0	0	1	0	0	0	0	0	0	0	0	p.Ala850Glu	XM_021852340.1_316000572	735	1	0
VSSC_p.Tyr836Phe	0	0	2	0	0	0	0	0	0	0	0	0	0	0	0	0	0	0	0	0	p.Tyr840Phe	XM_021852340.1_316000708	734	2	0
VSSC_p.Tyr836His	0	0	2	0	0	0	0	0	0	0	0	0	0	0	0	0	0	0	0	0	p.Tyr840His	XM_021852340.1_316000709	734	2	0
VSSC_316000744frameshift_variantT	0	0	0	1	0	0	0	0	0	0	0	0	0	0	0	0	0	0	0	0		0	735	1	0
VSSC_316000797frameshift_variantG	0	1	0	0	0	0	0	0	0	0	0	0	0	0	0	0	0	0	0	0		0	735	1	0
VSSC_316000811stop_gainedA	1	0	0	0	0	0	0	0	0	0	0	0	0	0	0	0	0	0	0	0		0	735	1	0
VSSC_p.Ala793Ser	0	0	0	0	0	0	0	0	0	0	0	0	0	0	0	0	0	0	3	3	p.Ala797Ser	XM_021852340.1_316000838	730	5	1
VSSC_p.Lys787Thr	0	0	0	0	0	0	1	0	0	0	0	0	0	0	0	0	0	0	0	0	p.Lys791Thr	XM_021852340.1_316000855	735	1	0
VSSC_p.Asp780Asn	0	0	0	0	0	0	0	0	0	0	0	1	0	0	0	0	0	0	0	0	p.Asp784Asn	XM_021852340.1_316000877	735	1	0
VSSC_p.Asp774Ala	0	0	0	0	0	0	0	0	0	0	0	0	0	0	0	0	0	1	0	0	p.Asp778Ala	XM_021852340.1_316000894	735	1	0
VSSC_p.Met770Ile	0	0	0	0	0	1	0	0	0	0	0	0	0	0	0	0	0	0	0	0	p.Met774Ile	XM_021852340.1_316000905	735	1	0
VSSC_p.Thr769Met	0	0	0	0	0	0	0	0	0	0	0	0	0	0	0	1	0	0	0	0	p.Thr773Met	XM_021852340.1_316000909	735	1	0
VSSC_p.Phe768Cys	0	0	0	1	0	0	0	0	0	0	0	0	0	0	0	0	0	0	0	0	p.Phe772Cys	XM_021852340.1_316000912	735	1	0
VSSC_316000914disruptive_inframe_deletionC	0	0	0	0	0	0	0	0	1	0	0	0	0	0	0	0	0	0	0	0		0	735	1	0
VSSC_p.Thr751Ala	0	0	0	1	0	0	0	0	0	0	0	0	0	0	0	0	0	0	0	0	p.Thr755Ala	XM_021852340.1_316000964	735	1	0
VSSC_p.Asp741Asn	0	0	2	0	0	0	0	0	0	0	0	1	0	0	0	0	0	0	0	0	p.Asp753Asn	XM_021852340.1_316014435	733	3	0
VSSC_p.Ser711Thr	0	18	0	1	0	0	0	0	0	0	0	136	0	8	3	0	0	0	0	0	p.Ser723Thr	XM_021852340.1_316014588	570	48	118
VSSC_p.Cys693Tyr	0	0	0	0	1	0	0	0	0	0	0	0	0	0	0	0	0	0	0	0	p.Cys705Tyr	XM_021852340.1_316014641	735	1	0
VSSC_316029305conservative_inframe_deletionA	0	1	0	0	0	0	0	0	0	0	0	0	0	0	0	0	0	0	0	0		0	735	1	0
VSSC_p.His681Tyr	0	0	0	0	0	0	0	0	0	0	0	0	0	0	0	1	0	0	0	0	p.His693Tyr	XM_021852340.1_316029323	735	1	0
VSSC_p.Ser679Thr	0	0	0	0	1	0	0	0	0	0	0	0	0	0	0	1	0	0	0	0	p.Ser691Thr	XM_021852340.1_316029328	734	2	0
VSSC_316029338conservative_inframe_insertionAGGACATGTTCGGCCCGGACATGTTCGGCCC	2	0	0	1	1	0	0	0	0	0	0	0	0	0	0	0	0	0	0	0		0	732	4	0
VSSC_316029338conservative_inframe_deletionA	0	1	0	0	0	0	0	0	0	0	0	0	0	0	0	0	0	0	0	0		0	735	1	0
VSSC_p.Ser675Cys	0	0	0	0	0	1	0	0	0	0	0	0	0	0	0	0	0	0	0	0	p.Ser687Cys	XM_021852340.1_316029340	735	1	0
VSSC_p.Ser655Ala	0	0	1	0	0	0	0	0	0	0	0	0	0	0	0	0	0	0	0	0	p.Ser667Ala	XM_021852340.1_316029401	735	1	0
VSSC_p.Ser649Arg	0	0	0	0	0	0	0	0	0	0	0	1	0	0	0	0	0	0	0	0	p.Ser661Arg	XM_021852340.1_316029417	735	1	0
VSSC_p.Lys647Glu	0	0	0	0	0	0	0	0	0	0	0	1	0	0	0	0	0	0	0	0	p.Lys659Glu	XM_021852340.1_316029425	735	1	0
VSSC_p.Thr636Lys	1	0	0	0	0	0	0	0	0	0	0	0	0	0	0	0	0	0	0	0	p.Thr640Lys	XM_021852340.1_316029457	735	1	0
VSSC_p.Asn618Thr	0	0	0	0	1	0	0	0	0	0	0	0	0	0	0	0	0	0	0	0	p.Asn622Thr	XM_021852340.1_316030300	735	1	0
VSSC_p.Asn598Thr	0	0	0	0	0	0	0	0	0	0	0	0	0	0	0	1	0	0	0	0	p.Asn602Thr	XM_021852340.1_316030360	735	1	0
VSSC_p.Tyr584His	0	0	0	0	0	0	0	0	0	0	0	0	0	0	0	1	0	0	0	0	p.Tyr588His	XM_021852340.1_316030403	735	1	0
VSSC_p.Phe568Leu	1	0	0	0	0	0	0	0	0	0	0	0	0	0	0	0	0	0	0	0		XM_021852340.1_316030449	735	1	0
VSSC_p.Ile561Met	0	0	0	0	0	1	0	0	0	0	0	0	0	0	0	0	0	0	0	0	p.Ile566Met	XM_021852340.1_316030470	735	1	0
VSSC_p.His557Gln	0	0	0	0	0	0	0	0	0	0	0	1	0	0	0	0	0	0	0	0	p.His562Gln	XM_021852340.1_316030613	735	1	0
VSSC_p.Ala534Ser	1	0	0	0	0	0	0	0	0	0	0	0	0	0	0	0	0	0	0	0		XM_021852340.1_316042192	735	1	0
VSSC_p.Ala534Thr	0	0	0	0	0	0	0	0	0	0	0	1	0	0	0	0	0	0	0	0		XM_021852340.1_316042192	735	1	0
VSSC_p.Ala533Thr	0	0	0	0	0	0	0	0	0	0	0	0	0	0	0	1	0	0	0	0		XM_021852340.1_316042195	735	1	0
VSSC_p.Gly531Glu	0	0	0	0	0	0	0	0	0	0	0	0	0	0	0	1	0	0	0	0		XM_021852340.1_316042200	735	1	0
VSSC_p.Lys524Thr	0	0	0	0	0	0	0	0	0	0	0	0	0	0	0	1	0	0	0	0	p.Lys536Thr	XM_021852340.1_316067717	735	1	0
VSSC_p.Ala519Val	1	0	0	0	0	0	0	0	0	0	0	0	0	0	0	0	0	0	0	0	p.Ala532Val	XM_021852340.1_316067732	735	1	0
VSSC_p.Ser505Trp	0	0	0	0	0	0	0	0	0	0	0	0	0	0	0	1	0	0	0	0	p.Ser519Trp	XM_021852340.1_316067774	735	1	0
VSSC_p.Ser497Pro	0	0	0	0	0	0	0	0	0	0	0	0	0	0	0	1	0	0	0	0	p.Ser509Pro	XM_021852340.1_316067799	735	1	0
VSSC_p.Asn492Ser	0	0	0	0	0	0	0	0	0	0	0	1	0	0	0	0	0	0	0	0	p.Asn504Ser	XM_021852340.1_316067813	735	1	0
VSSC_316067852frameshift_variantTA	0	0	0	0	0	0	0	0	0	0	0	1	0	0	0	0	0	0	0	0		0	735	1	0
VSSC_316067854frameshift_variantG	0	0	0	0	0	0	0	0	0	0	0	1	0	0	0	0	0	0	0	0		0	735	1	0
VSSC_p.Ala460Thr	1	0	0	0	0	0	0	0	0	0	0	0	0	0	0	0	0	0	0	0	p.Ala473Thr	XM_021852340.1_316067910	735	1	0
VSSC_p.Ala459Val	0	0	1	0	0	0	0	0	0	0	0	0	0	0	0	0	0	0	0	0	p.Ala472Val	XM_021852340.1_316067912	735	1	0
VSSC_p.Leu451Phe	0	0	0	0	0	0	0	0	0	0	0	0	0	0	0	1	0	0	0	0	p.Leu453Phe	XM_021852340.1_316067937	735	1	0
VSSC_p.Ala448Glu	0	0	0	0	0	0	0	0	0	0	0	1	0	0	0	0	0	0	0	0	p.Ala450Glu	XM_021852340.1_316067945	735	1	0
VSSC_p.Glu439Lys	0	0	0	0	0	0	0	0	0	0	0	1	0	0	0	0	0	0	0	0	p.Glu441Lys	XM_021852340.1_316067973	735	1	0
VSSC_p.Ala432Thr	0	0	0	0	0	0	0	0	1	0	0	0	0	0	0	0	0	0	0	0	p.Ala434Thr	XM_021852340.1_316080650	735	1	0
VSSC_p.Val408Leu	0	18	0	1	0	0	0	0	0	0	0	136	0	8	2	0	0	0	0	0	p.Val410Leu	XM_021852340.1_316080722	571	49	116
VSSC_p.Gly346Cys	0	0	0	0	0	0	0	0	0	0	0	1	0	0	0	0	0	0	0	0	p.Gly348Cys	XM_021852340.1_316081147	735	1	0
VSSC_p.Leu344Ser	0	0	0	0	0	0	0	0	0	1	0	0	0	0	0	0	0	0	0	0	p.Leu346Ser	XM_021852340.1_316081152	735	1	0
VSSC_p.Glu339Gly	0	0	0	0	0	0	1	0	0	0	0	0	0	0	0	0	0	0	0	0	p.Glu341Gly	XM_021852340.1_316081167	735	1	0
VSSC_316081172stop_gainedT	1	0	0	0	0	0	0	0	0	0	0	0	0	0	0	0	0	0	0	0		0	735	1	0
VSSC_p.Thr322Ala	1	0	0	0	0	0	0	0	0	0	0	0	0	0	0	0	0	0	0	0	p.Thr323Ala	XM_021852340.1_316082050	735	1	0
VSSC_316082053stop_gainedA	0	0	0	0	0	1	0	0	0	0	0	0	0	0	0	0	0	0	0	0		0	735	1	0
VSSC_p.Tyr318Cys	0	0	0	0	1	0	0	0	0	0	0	0	0	0	0	0	0	0	0	0	p.Tyr319Cys	XM_021852340.1_316082061	735	1	0
VSSC_p.Glu305Lys	0	0	0	0	0	0	0	0	0	0	0	0	0	0	0	2	0	0	0	0	p.Glu306Lys	XM_021852340.1_316082187	734	2	0
VSSC_p.Met295Ile	6	1	2	0	0	0	0	0	0	0	0	0	0	0	0	0	0	0	0	0	p.Met296Ile	XM_021852340.1_316082215	727	8	1
VSSC_p.Thr286Ser	0	0	0	0	0	0	0	5	0	0	0	0	0	0	0	0	0	0	0	0	p.Thr287Ser	XM_021852340.1_316082244	731	5	0
VSSC_p.Val252Gly	0	1	0	0	0	0	0	0	0	0	0	0	0	0	0	0	0	0	0	0	p.Val253Gly	XM_021852340.1_316082345	735	1	0
VSSC_p.Ala240Asp	0	0	0	0	0	0	0	0	0	0	0	0	0	1	0	0	0	0	0	0	p.Ala241Asp	XM_021852340.1_316082480	735	1	0
VSSC_316082480frameshift_variantG	0	0	0	0	0	0	0	0	0	0	0	1	0	0	0	0	0	0	0	0		0	735	1	0
VSSC_p.Arg231Thr	0	0	0	0	0	0	0	0	1	0	0	0	0	0	0	0	0	0	0	0	p.Arg232Thr	XM_021852340.1_316082507	735	1	0
VSSC_p.Ala226Gly	0	0	0	0	0	0	1	0	0	0	0	0	0	0	0	0	0	0	0	0	p.Ala227Gly	XM_021852340.1_316082522	735	1	0
VSSC_p.Ile219Leu	1	0	0	0	0	0	0	0	0	0	0	0	0	0	0	0	0	0	0	0	p.Ile220Leu	XM_021852340.1_316082544	735	1	0
VSSC_p.Leu212Ser	0	0	0	0	0	0	0	0	0	0	0	0	0	0	1	0	0	0	0	0	p.Leu213Ser	XM_021852340.1_316101851	735	0	1
VSSC_p.Ala211Thr	0	0	0	0	0	1	0	0	0	0	0	0	0	0	0	0	0	0	0	0	p.Ala212Thr	XM_021852340.1_316101855	735	1	0
VSSC_p.Trp204Leu	0	0	0	0	0	0	0	0	0	0	1	0	0	0	0	0	0	0	0	0	p.Trp205Leu	XM_021852340.1_316101875	735	1	0
VSSC_p.Gln193Glu	0	0	1	0	0	0	0	0	0	0	0	0	0	0	0	0	0	0	0	0	p.Gln194Glu	XM_021852340.1_316101909	735	1	0
VSSC_316101933frameshift_variantC	0	0	0	0	0	0	0	0	0	0	0	1	0	0	0	0	0	0	0	0		0	735	1	0
VSSC_p.Lys184Ile	0	0	0	0	0	0	0	0	0	0	0	1	0	0	0	0	0	0	0	0	p.Lys185Ile	XM_021852340.1_316101935	735	1	0
VSSC_p.Ile172Arg	0	0	1	0	0	0	0	0	0	0	0	0	0	0	0	0	0	0	0	0	p.Ile173Arg	XM_021852340.1_316101971	735	1	0
VSSC_p.Glu167Gly	0	0	0	0	0	0	0	0	0	0	0	1	0	0	0	0	0	0	0	0	p.Glu168Gly	XM_021852340.1_316129592	735	1	0
VSSC_p.Ser162Gly	0	0	0	0	0	0	0	0	0	0	0	1	0	0	0	0	0	0	0	0	p.Ser163Gly	XM_021852340.1_316129608	735	0	1
VSSC_p.Leu152Phe	0	0	0	0	0	0	0	0	0	0	1	0	0	0	0	0	0	0	0	0	p.Leu153Phe	XM_021852340.1_316129638	735	1	0
VSSC_p.Asp94Gly	0	0	0	0	0	0	0	0	0	0	0	1	0	0	0	0	0	0	0	0	p.Asp95Gly	XM_021852340.1_316170376	735	1	0
VSSC_316170425frameshift_variantG	0	0	0	0	0	0	0	0	0	0	0	1	0	0	0	0	0	0	0	0		0	735	1	0
VSSC_p.Arg76Gln	0	0	0	0	0	0	1	0	0	0	0	0	0	0	0	0	0	0	0	0	p.Arg77Gln	XM_021852340.1_316170430	735	1	0
VSSC_p.Pro74His	0	0	0	0	0	0	0	0	0	0	0	1	0	0	0	0	0	0	0	0	p.Pro75His	XM_021852340.1_316170436	735	1	0
VSSC_316170462frameshift_variantGT	0	0	1	0	0	0	0	0	0	0	0	0	0	0	0	0	0	0	0	0		0	735	1	0
VSSC_p.Ser65Phe	0	0	0	0	0	0	0	1	11	0	0	0	0	0	0	0	0	0	0	0	p.Ser66Phe	XM_021852340.1_316170463	724	10	2
VSSC_316170474frameshift_variantT	0	0	0	0	0	0	0	0	0	0	0	1	0	0	0	0	0	0	0	0		0	735	1	0
VSSC_p.Pro61Arg	0	0	0	1	0	0	0	0	0	0	0	0	0	0	0	0	0	0	0	0	p.Pro62Arg	XM_021852340.1_316170475	735	1	0
VSSC_p.Gly60Val	0	0	0	0	0	0	0	5	2	0	0	0	0	0	0	0	0	0	0	0	p.Gly61Val	XM_021852340.1_316170478	729	7	0
VSSC_p.Glu59Lys	0	1	0	0	0	0	0	0	0	0	0	0	0	0	0	0	0	0	0	0	p.Glu60Lys	XM_021852340.1_316170482	735	1	0
VSSC_p.Arg30Gly	0	0	0	0	0	0	0	0	0	0	0	1	0	0	0	0	0	0	0	0	p.Arg30Gly	XM_021852340.1_316243994	735	1	0
VSSC_p.Ala26Thr	0	0	1	0	0	0	0	0	0	0	0	0	0	0	0	0	0	0	0	0	p.Ala26Thr	XM_021852340.1_316244006	735	1	0
VSSC_316244014stop_gainedT	0	0	1	0	0	0	0	0	0	0	0	0	0	0	0	0	0	0	0	0		0	735	1	0
VSSC_p.Pro18Leu	0	0	0	0	0	0	0	0	0	0	0	1	0	0	0	0	0	0	0	0	p.Pro18Leu	XM_021852340.1_316244029	735	1	0
